2016Q3,TANF Participants in Workforce Service ,,,"Allegany County, Maryland",2,,,,,
2017Q1,TANF Participants in Workforce Service ,,,"Allegany County, Maryland",4,,,,,
2017Q2,TANF Participants in Workforce Service ,,,"Allegany County, Maryland",2,,,,,
2017Q3,TANF Participants in Workforce Service ,,,"Allegany County, Maryland",1,,,,,
2017Q4,TANF Participants in Workforce Service ,,,"Allegany County, Maryland",2,,,,,
2018Q1,TANF Participants in Workforce Service ,,,"Allegany County, Maryland",2,,,,,
2018Q2,TANF Participants in Workforce Service ,,,"Allegany County, Maryland",1,,,,,
2018Q4,TANF Participants in Workforce Service ,,,"Allegany County, Maryland",3,,,,,
2019Q2,TANF Participants in Workforce Service ,,,"Allegany County, Maryland",2,,,,,
2019Q3,TANF Participants in Workforce Service ,,,"Allegany County, Maryland",4,,,,,
2020Q1,TANF Participants in Workforce Service ,,,"Allegany County, Maryland",1,,,,,
2020Q2,TANF Participants in Workforce Service ,,,"Allegany County, Maryland",4,,,,,
2021Q1,TANF Participants in Workforce Service ,,,"Allegany County, Maryland",1,,,,,
2021Q2,TANF Participants in Workforce Service ,,,"Allegany County, Maryland",3,,,,,
2021Q3,TANF Participants in Workforce Service ,,,"Allegany County, Maryland",1,,,,,
2021Q4,TANF Participants in Workforce Service ,,,"Allegany County, Maryland",3,,,,,
2022Q1,TANF Participants in Workforce Service ,,,"Allegany County, Maryland",1,,,,,
2016Q3,TANF Participants in Workforce Service ,,,"Anne Arundel County, Maryland",9,,,,,
2016Q4,TANF Participants in Workforce Service ,,,"Anne Arundel County, Maryland",16,,,,,
2017Q1,TANF Participants in Workforce Service ,,,"Anne Arundel County, Maryland",16,,,,,
2017Q2,TANF Participants in Workforce Service ,,,"Anne Arundel County, Maryland",15,,,,,
2017Q3,TANF Participants in Workforce Service ,,,"Anne Arundel County, Maryland",8,,,,,
2017Q4,TANF Participants in Workforce Service ,,,"Anne Arundel County, Maryland",4,,,,,
2018Q1,TANF Participants in Workforce Service ,,,"Anne Arundel County, Maryland",8,,,,,
2018Q2,TANF Participants in Workforce Service ,,,"Anne Arundel County, Maryland",7,,,,,
2018Q3,TANF Participants in Workforce Service ,,,"Anne Arundel County, Maryland",5,,,,,
2018Q4,TANF Participants in Workforce Service ,,,"Anne Arundel County, Maryland",6,,,,,
2019Q1,TANF Participants in Workforce Service ,,,"Anne Arundel County, Maryland",7,,,,,
2019Q2,TANF Participants in Workforce Service ,,,"Anne Arundel County, Maryland",2,,,,,
2019Q3,TANF Participants in Workforce Service ,,,"Anne Arundel County, Maryland",6,,,,,
2019Q4,TANF Participants in Workforce Service ,,,"Anne Arundel County, Maryland",7,,,,,
2020Q1,TANF Participants in Workforce Service ,,,"Anne Arundel County, Maryland",13,,,,,
2020Q2,TANF Participants in Workforce Service ,,,"Anne Arundel County, Maryland",16,,,,,
2020Q3,TANF Participants in Workforce Service ,,,"Anne Arundel County, Maryland",13,,,,,
2020Q4,TANF Participants in Workforce Service ,,,"Anne Arundel County, Maryland",12,,,,,
2021Q1,TANF Participants in Workforce Service ,,,"Anne Arundel County, Maryland",4,,,,,
2021Q2,TANF Participants in Workforce Service ,,,"Anne Arundel County, Maryland",14,,,,,
2021Q3,TANF Participants in Workforce Service ,,,"Anne Arundel County, Maryland",23,,,,,
2021Q4,TANF Participants in Workforce Service ,,,"Anne Arundel County, Maryland",16,,,,,
2022Q1,TANF Participants in Workforce Service ,,,"Anne Arundel County, Maryland",10,,,,,
2022Q2,TANF Participants in Workforce Service ,,,"Anne Arundel County, Maryland",2,,,,,
2016Q3,TANF Participants in Workforce Service ,,,"Baltimore City, Maryland",78,,,,,
2016Q4,TANF Participants in Workforce Service ,,,"Baltimore City, Maryland",21,,,,,
2017Q1,TANF Participants in Workforce Service ,,,"Baltimore City, Maryland",38,,,,,
2017Q2,TANF Participants in Workforce Service ,,,"Baltimore City, Maryland",33,,,,,
2017Q3,TANF Participants in Workforce Service ,,,"Baltimore City, Maryland",34,,,,,
2017Q4,TANF Participants in Workforce Service ,,,"Baltimore City, Maryland",25,,,,,
2018Q1,TANF Participants in Workforce Service ,,,"Baltimore City, Maryland",16,,,,,
2018Q2,TANF Participants in Workforce Service ,,,"Baltimore City, Maryland",27,,,,,
2018Q3,TANF Participants in Workforce Service ,,,"Baltimore City, Maryland",31,,,,,
2018Q4,TANF Participants in Workforce Service ,,,"Baltimore City, Maryland",32,,,,,
2019Q1,TANF Participants in Workforce Service ,,,"Baltimore City, Maryland",13,,,,,
2019Q2,TANF Participants in Workforce Service ,,,"Baltimore City, Maryland",10,,,,,
2019Q3,TANF Participants in Workforce Service ,,,"Baltimore City, Maryland",25,,,,,
2019Q4,TANF Participants in Workforce Service ,,,"Baltimore City, Maryland",19,,,,,
2020Q1,TANF Participants in Workforce Service ,,,"Baltimore City, Maryland",22,,,,,
2020Q2,TANF Participants in Workforce Service ,,,"Baltimore City, Maryland",21,,,,,
2020Q3,TANF Participants in Workforce Service ,,,"Baltimore City, Maryland",37,,,,,
2020Q4,TANF Participants in Workforce Service ,,,"Baltimore City, Maryland",11,,,,,
2021Q1,TANF Participants in Workforce Service ,,,"Baltimore City, Maryland",12,,,,,
2021Q2,TANF Participants in Workforce Service ,,,"Baltimore City, Maryland",28,,,,,
2021Q3,TANF Participants in Workforce Service ,,,"Baltimore City, Maryland",50,,,,,
2021Q4,TANF Participants in Workforce Service ,,,"Baltimore City, Maryland",33,,,,,
2022Q1,TANF Participants in Workforce Service ,,,"Baltimore City, Maryland",22,,,,,
2022Q2,TANF Participants in Workforce Service ,,,"Baltimore City, Maryland",5,,,,,
2016Q3,TANF Participants in Workforce Service ,,,"Baltimore County, Maryland",132,,,,,
2016Q4,TANF Participants in Workforce Service ,,,"Baltimore County, Maryland",109,,,,,
2017Q1,TANF Participants in Workforce Service ,,,"Baltimore County, Maryland",86,,,,,
2017Q2,TANF Participants in Workforce Service ,,,"Baltimore County, Maryland",77,,,,,
2017Q3,TANF Participants in Workforce Service ,,,"Baltimore County, Maryland",60,,,,,
2017Q4,TANF Participants in Workforce Service ,,,"Baltimore County, Maryland",50,,,,,
2018Q1,TANF Participants in Workforce Service ,,,"Baltimore County, Maryland",33,,,,,
2018Q2,TANF Participants in Workforce Service ,,,"Baltimore County, Maryland",41,,,,,
2018Q3,TANF Participants in Workforce Service ,,,"Baltimore County, Maryland",47,,,,,
2018Q4,TANF Participants in Workforce Service ,,,"Baltimore County, Maryland",31,,,,,
2019Q1,TANF Participants in Workforce Service ,,,"Baltimore County, Maryland",29,,,,,
2019Q2,TANF Participants in Workforce Service ,,,"Baltimore County, Maryland",34,,,,,
2019Q3,TANF Participants in Workforce Service ,,,"Baltimore County, Maryland",42,,,,,
2019Q4,TANF Participants in Workforce Service ,,,"Baltimore County, Maryland",28,,,,,
2020Q1,TANF Participants in Workforce Service ,,,"Baltimore County, Maryland",32,,,,,
2020Q2,TANF Participants in Workforce Service ,,,"Baltimore County, Maryland",78,,,,,
2020Q3,TANF Participants in Workforce Service ,,,"Baltimore County, Maryland",145,,,,,
2020Q4,TANF Participants in Workforce Service ,,,"Baltimore County, Maryland",80,,,,,
2021Q1,TANF Participants in Workforce Service ,,,"Baltimore County, Maryland",54,,,,,
2021Q2,TANF Participants in Workforce Service ,,,"Baltimore County, Maryland",103,,,,,
2021Q3,TANF Participants in Workforce Service ,,,"Baltimore County, Maryland",94,,,,,
2021Q4,TANF Participants in Workforce Service ,,,"Baltimore County, Maryland",87,,,,,
2022Q1,TANF Participants in Workforce Service ,,,"Baltimore County, Maryland",58,,,,,
2022Q2,TANF Participants in Workforce Service ,,,"Baltimore County, Maryland",4,,,,,
2016Q3,TANF Participants in Workforce Service ,,,"Calvert County, Maryland",10,,,,,
2016Q4,TANF Participants in Workforce Service ,,,"Calvert County, Maryland",3,,,,,
2017Q4,TANF Participants in Workforce Service ,,,"Calvert County, Maryland",1,,,,,
2019Q4,TANF Participants in Workforce Service ,,,"Calvert County, Maryland",2,,,,,
2020Q1,TANF Participants in Workforce Service ,,,"Calvert County, Maryland",3,,,,,
2020Q2,TANF Participants in Workforce Service ,,,"Calvert County, Maryland",1,,,,,
2020Q3,TANF Participants in Workforce Service ,,,"Calvert County, Maryland",2,,,,,
2021Q1,TANF Participants in Workforce Service ,,,"Calvert County, Maryland",1,,,,,
2021Q2,TANF Participants in Workforce Service ,,,"Calvert County, Maryland",4,,,,,
2021Q3,TANF Participants in Workforce Service ,,,"Calvert County, Maryland",2,,,,,
2021Q4,TANF Participants in Workforce Service ,,,"Calvert County, Maryland",1,,,,,
2022Q1,TANF Participants in Workforce Service ,,,"Calvert County, Maryland",2,,,,,
2022Q2,TANF Participants in Workforce Service ,,,"Calvert County, Maryland",1,,,,,
2016Q3,TANF Participants in Workforce Service ,,,"Caroline County, Maryland",1,,,,,
2016Q4,TANF Participants in Workforce Service ,,,"Caroline County, Maryland",1,,,,,
2017Q1,TANF Participants in Workforce Service ,,,"Caroline County, Maryland",1,,,,,
2017Q3,TANF Participants in Workforce Service ,,,"Caroline County, Maryland",3,,,,,
2017Q4,TANF Participants in Workforce Service ,,,"Caroline County, Maryland",2,,,,,
2018Q1,TANF Participants in Workforce Service ,,,"Caroline County, Maryland",1,,,,,
2018Q2,TANF Participants in Workforce Service ,,,"Caroline County, Maryland",1,,,,,
2018Q3,TANF Participants in Workforce Service ,,,"Caroline County, Maryland",1,,,,,
2018Q4,TANF Participants in Workforce Service ,,,"Caroline County, Maryland",1,,,,,
2019Q2,TANF Participants in Workforce Service ,,,"Caroline County, Maryland",1,,,,,
2019Q3,TANF Participants in Workforce Service ,,,"Caroline County, Maryland",1,,,,,
2019Q4,TANF Participants in Workforce Service ,,,"Caroline County, Maryland",1,,,,,
2020Q1,TANF Participants in Workforce Service ,,,"Caroline County, Maryland",1,,,,,
2021Q1,TANF Participants in Workforce Service ,,,"Caroline County, Maryland",2,,,,,
2021Q2,TANF Participants in Workforce Service ,,,"Caroline County, Maryland",2,,,,,
2021Q3,TANF Participants in Workforce Service ,,,"Caroline County, Maryland",1,,,,,
2021Q4,TANF Participants in Workforce Service ,,,"Caroline County, Maryland",2,,,,,
2022Q1,TANF Participants in Workforce Service ,,,"Caroline County, Maryland",4,,,,,
2016Q3,TANF Participants in Workforce Service ,,,"Carroll County, Maryland",8,,,,,
2017Q1,TANF Participants in Workforce Service ,,,"Carroll County, Maryland",1,,,,,
2017Q2,TANF Participants in Workforce Service ,,,"Carroll County, Maryland",1,,,,,
2017Q3,TANF Participants in Workforce Service ,,,"Carroll County, Maryland",5,,,,,
2018Q1,TANF Participants in Workforce Service ,,,"Carroll County, Maryland",4,,,,,
2018Q2,TANF Participants in Workforce Service ,,,"Carroll County, Maryland",3,,,,,
2018Q3,TANF Participants in Workforce Service ,,,"Carroll County, Maryland",2,,,,,
2018Q4,TANF Participants in Workforce Service ,,,"Carroll County, Maryland",4,,,,,
2019Q1,TANF Participants in Workforce Service ,,,"Carroll County, Maryland",2,,,,,
2019Q2,TANF Participants in Workforce Service ,,,"Carroll County, Maryland",7,,,,,
2019Q3,TANF Participants in Workforce Service ,,,"Carroll County, Maryland",4,,,,,
2019Q4,TANF Participants in Workforce Service ,,,"Carroll County, Maryland",1,,,,,
2020Q1,TANF Participants in Workforce Service ,,,"Carroll County, Maryland",2,,,,,
2020Q2,TANF Participants in Workforce Service ,,,"Carroll County, Maryland",3,,,,,
2020Q3,TANF Participants in Workforce Service ,,,"Carroll County, Maryland",1,,,,,
2021Q1,TANF Participants in Workforce Service ,,,"Carroll County, Maryland",3,,,,,
2021Q2,TANF Participants in Workforce Service ,,,"Carroll County, Maryland",4,,,,,
2021Q3,TANF Participants in Workforce Service ,,,"Carroll County, Maryland",3,,,,,
2021Q4,TANF Participants in Workforce Service ,,,"Carroll County, Maryland",5,,,,,
2022Q1,TANF Participants in Workforce Service ,,,"Carroll County, Maryland",4,,,,,
2022Q2,TANF Participants in Workforce Service ,,,"Carroll County, Maryland",1,,,,,
2016Q3,TANF Participants in Workforce Service ,,,"Cecil County, Maryland",6,,,,,
2016Q4,TANF Participants in Workforce Service ,,,"Cecil County, Maryland",3,,,,,
2017Q1,TANF Participants in Workforce Service ,,,"Cecil County, Maryland",6,,,,,
2017Q2,TANF Participants in Workforce Service ,,,"Cecil County, Maryland",2,,,,,
2017Q3,TANF Participants in Workforce Service ,,,"Cecil County, Maryland",2,,,,,
2017Q4,TANF Participants in Workforce Service ,,,"Cecil County, Maryland",2,,,,,
2018Q1,TANF Participants in Workforce Service ,,,"Cecil County, Maryland",3,,,,,
2018Q2,TANF Participants in Workforce Service ,,,"Cecil County, Maryland",1,,,,,
2018Q4,TANF Participants in Workforce Service ,,,"Cecil County, Maryland",2,,,,,
2019Q1,TANF Participants in Workforce Service ,,,"Cecil County, Maryland",3,,,,,
2019Q2,TANF Participants in Workforce Service ,,,"Cecil County, Maryland",6,,,,,
2019Q3,TANF Participants in Workforce Service ,,,"Cecil County, Maryland",9,,,,,
2019Q4,TANF Participants in Workforce Service ,,,"Cecil County, Maryland",1,,,,,
2020Q1,TANF Participants in Workforce Service ,,,"Cecil County, Maryland",5,,,,,
2020Q2,TANF Participants in Workforce Service ,,,"Cecil County, Maryland",1,,,,,
2020Q3,TANF Participants in Workforce Service ,,,"Cecil County, Maryland",3,,,,,
2020Q4,TANF Participants in Workforce Service ,,,"Cecil County, Maryland",3,,,,,
2021Q1,TANF Participants in Workforce Service ,,,"Cecil County, Maryland",3,,,,,
2021Q2,TANF Participants in Workforce Service ,,,"Cecil County, Maryland",1,,,,,
2021Q3,TANF Participants in Workforce Service ,,,"Cecil County, Maryland",4,,,,,
2021Q4,TANF Participants in Workforce Service ,,,"Cecil County, Maryland",4,,,,,
2022Q1,TANF Participants in Workforce Service ,,,"Cecil County, Maryland",3,,,,,
2016Q3,TANF Participants in Workforce Service ,,,"Charles County, Maryland",7,,,,,
2016Q4,TANF Participants in Workforce Service ,,,"Charles County, Maryland",7,,,,,
2017Q1,TANF Participants in Workforce Service ,,,"Charles County, Maryland",13,,,,,
2017Q2,TANF Participants in Workforce Service ,,,"Charles County, Maryland",16,,,,,
2017Q3,TANF Participants in Workforce Service ,,,"Charles County, Maryland",10,,,,,
2017Q4,TANF Participants in Workforce Service ,,,"Charles County, Maryland",5,,,,,
2018Q1,TANF Participants in Workforce Service ,,,"Charles County, Maryland",2,,,,,
2018Q2,TANF Participants in Workforce Service ,,,"Charles County, Maryland",4,,,,,
2018Q3,TANF Participants in Workforce Service ,,,"Charles County, Maryland",3,,,,,
2018Q4,TANF Participants in Workforce Service ,,,"Charles County, Maryland",6,,,,,
2019Q1,TANF Participants in Workforce Service ,,,"Charles County, Maryland",4,,,,,
2019Q2,TANF Participants in Workforce Service ,,,"Charles County, Maryland",4,,,,,
2019Q3,TANF Participants in Workforce Service ,,,"Charles County, Maryland",8,,,,,
2019Q4,TANF Participants in Workforce Service ,,,"Charles County, Maryland",3,,,,,
2020Q1,TANF Participants in Workforce Service ,,,"Charles County, Maryland",3,,,,,
2020Q2,TANF Participants in Workforce Service ,,,"Charles County, Maryland",3,,,,,
2020Q3,TANF Participants in Workforce Service ,,,"Charles County, Maryland",4,,,,,
2020Q4,TANF Participants in Workforce Service ,,,"Charles County, Maryland",2,,,,,
2021Q1,TANF Participants in Workforce Service ,,,"Charles County, Maryland",3,,,,,
2021Q2,TANF Participants in Workforce Service ,,,"Charles County, Maryland",3,,,,,
2021Q3,TANF Participants in Workforce Service ,,,"Charles County, Maryland",2,,,,,
2021Q4,TANF Participants in Workforce Service ,,,"Charles County, Maryland",1,,,,,
2022Q1,TANF Participants in Workforce Service ,,,"Charles County, Maryland",2,,,,,
2022Q2,TANF Participants in Workforce Service ,,,"Charles County, Maryland",2,,,,,
2016Q3,TANF Participants in Workforce Service ,,,"Dorchester County, Maryland",13,,,,,
2016Q4,TANF Participants in Workforce Service ,,,"Dorchester County, Maryland",7,,,,,
2017Q1,TANF Participants in Workforce Service ,,,"Dorchester County, Maryland",7,,,,,
2017Q2,TANF Participants in Workforce Service ,,,"Dorchester County, Maryland",2,,,,,
2017Q3,TANF Participants in Workforce Service ,,,"Dorchester County, Maryland",6,,,,,
2017Q4,TANF Participants in Workforce Service ,,,"Dorchester County, Maryland",2,,,,,
2018Q1,TANF Participants in Workforce Service ,,,"Dorchester County, Maryland",2,,,,,
2018Q2,TANF Participants in Workforce Service ,,,"Dorchester County, Maryland",5,,,,,
2018Q3,TANF Participants in Workforce Service ,,,"Dorchester County, Maryland",2,,,,,
2018Q4,TANF Participants in Workforce Service ,,,"Dorchester County, Maryland",4,,,,,
2019Q1,TANF Participants in Workforce Service ,,,"Dorchester County, Maryland",3,,,,,
2019Q3,TANF Participants in Workforce Service ,,,"Dorchester County, Maryland",1,,,,,
2019Q4,TANF Participants in Workforce Service ,,,"Dorchester County, Maryland",2,,,,,
2020Q1,TANF Participants in Workforce Service ,,,"Dorchester County, Maryland",1,,,,,
2020Q2,TANF Participants in Workforce Service ,,,"Dorchester County, Maryland",1,,,,,
2020Q4,TANF Participants in Workforce Service ,,,"Dorchester County, Maryland",1,,,,,
2021Q2,TANF Participants in Workforce Service ,,,"Dorchester County, Maryland",2,,,,,
2021Q3,TANF Participants in Workforce Service ,,,"Dorchester County, Maryland",1,,,,,
2021Q4,TANF Participants in Workforce Service ,,,"Dorchester County, Maryland",3,,,,,
2022Q1,TANF Participants in Workforce Service ,,,"Dorchester County, Maryland",1,,,,,
2016Q3,TANF Participants in Workforce Service ,,,"Frederick County, Maryland",7,,,,,
2016Q4,TANF Participants in Workforce Service ,,,"Frederick County, Maryland",4,,,,,
2017Q1,TANF Participants in Workforce Service ,,,"Frederick County, Maryland",6,,,,,
2017Q2,TANF Participants in Workforce Service ,,,"Frederick County, Maryland",5,,,,,
2017Q3,TANF Participants in Workforce Service ,,,"Frederick County, Maryland",2,,,,,
2017Q4,TANF Participants in Workforce Service ,,,"Frederick County, Maryland",1,,,,,
2018Q3,TANF Participants in Workforce Service ,,,"Frederick County, Maryland",2,,,,,
2018Q4,TANF Participants in Workforce Service ,,,"Frederick County, Maryland",4,,,,,
2019Q1,TANF Participants in Workforce Service ,,,"Frederick County, Maryland",2,,,,,
2019Q2,TANF Participants in Workforce Service ,,,"Frederick County, Maryland",4,,,,,
2019Q3,TANF Participants in Workforce Service ,,,"Frederick County, Maryland",1,,,,,
2019Q4,TANF Participants in Workforce Service ,,,"Frederick County, Maryland",3,,,,,
2020Q1,TANF Participants in Workforce Service ,,,"Frederick County, Maryland",2,,,,,
2020Q2,TANF Participants in Workforce Service ,,,"Frederick County, Maryland",1,,,,,
2020Q3,TANF Participants in Workforce Service ,,,"Frederick County, Maryland",1,,,,,
2020Q4,TANF Participants in Workforce Service ,,,"Frederick County, Maryland",4,,,,,
2021Q1,TANF Participants in Workforce Service ,,,"Frederick County, Maryland",1,,,,,
2021Q2,TANF Participants in Workforce Service ,,,"Frederick County, Maryland",3,,,,,
2021Q3,TANF Participants in Workforce Service ,,,"Frederick County, Maryland",3,,,,,
2021Q4,TANF Participants in Workforce Service ,,,"Frederick County, Maryland",4,,,,,
2022Q1,TANF Participants in Workforce Service ,,,"Frederick County, Maryland",1,,,,,
2016Q3,TANF Participants in Workforce Service ,,,"Garrett County, Maryland",1,,,,,
2018Q3,TANF Participants in Workforce Service ,,,"Garrett County, Maryland",1,,,,,
2019Q2,TANF Participants in Workforce Service ,,,"Garrett County, Maryland",1,,,,,
2019Q3,TANF Participants in Workforce Service ,,,"Garrett County, Maryland",1,,,,,
2019Q4,TANF Participants in Workforce Service ,,,"Garrett County, Maryland",1,,,,,
2021Q3,TANF Participants in Workforce Service ,,,"Garrett County, Maryland",1,,,,,
2016Q3,TANF Participants in Workforce Service ,,,"Harford County, Maryland",12,,,,,
2016Q4,TANF Participants in Workforce Service ,,,"Harford County, Maryland",6,,,,,
2017Q1,TANF Participants in Workforce Service ,,,"Harford County, Maryland",3,,,,,
2017Q2,TANF Participants in Workforce Service ,,,"Harford County, Maryland",4,,,,,
2017Q3,TANF Participants in Workforce Service ,,,"Harford County, Maryland",14,,,,,
2017Q4,TANF Participants in Workforce Service ,,,"Harford County, Maryland",4,,,,,
2018Q1,TANF Participants in Workforce Service ,,,"Harford County, Maryland",2,,,,,
2018Q2,TANF Participants in Workforce Service ,,,"Harford County, Maryland",6,,,,,
2018Q3,TANF Participants in Workforce Service ,,,"Harford County, Maryland",4,,,,,
2018Q4,TANF Participants in Workforce Service ,,,"Harford County, Maryland",5,,,,,
2019Q1,TANF Participants in Workforce Service ,,,"Harford County, Maryland",8,,,,,
2019Q2,TANF Participants in Workforce Service ,,,"Harford County, Maryland",7,,,,,
2019Q3,TANF Participants in Workforce Service ,,,"Harford County, Maryland",12,,,,,
2019Q4,TANF Participants in Workforce Service ,,,"Harford County, Maryland",2,,,,,
2020Q1,TANF Participants in Workforce Service ,,,"Harford County, Maryland",12,,,,,
2020Q2,TANF Participants in Workforce Service ,,,"Harford County, Maryland",3,,,,,
2020Q3,TANF Participants in Workforce Service ,,,"Harford County, Maryland",1,,,,,
2021Q1,TANF Participants in Workforce Service ,,,"Harford County, Maryland",6,,,,,
2021Q2,TANF Participants in Workforce Service ,,,"Harford County, Maryland",5,,,,,
2021Q3,TANF Participants in Workforce Service ,,,"Harford County, Maryland",8,,,,,
2021Q4,TANF Participants in Workforce Service ,,,"Harford County, Maryland",9,,,,,
2022Q1,TANF Participants in Workforce Service ,,,"Harford County, Maryland",4,,,,,
2016Q3,TANF Participants in Workforce Service ,,,"Howard County, Maryland",9,,,,,
2016Q4,TANF Participants in Workforce Service ,,,"Howard County, Maryland",5,,,,,
2017Q1,TANF Participants in Workforce Service ,,,"Howard County, Maryland",6,,,,,
2017Q2,TANF Participants in Workforce Service ,,,"Howard County, Maryland",5,,,,,
2017Q3,TANF Participants in Workforce Service ,,,"Howard County, Maryland",4,,,,,
2017Q4,TANF Participants in Workforce Service ,,,"Howard County, Maryland",2,,,,,
2018Q1,TANF Participants in Workforce Service ,,,"Howard County, Maryland",1,,,,,
2018Q2,TANF Participants in Workforce Service ,,,"Howard County, Maryland",3,,,,,
2018Q3,TANF Participants in Workforce Service ,,,"Howard County, Maryland",4,,,,,
2018Q4,TANF Participants in Workforce Service ,,,"Howard County, Maryland",5,,,,,
2019Q1,TANF Participants in Workforce Service ,,,"Howard County, Maryland",1,,,,,
2019Q2,TANF Participants in Workforce Service ,,,"Howard County, Maryland",4,,,,,
2019Q3,TANF Participants in Workforce Service ,,,"Howard County, Maryland",3,,,,,
2019Q4,TANF Participants in Workforce Service ,,,"Howard County, Maryland",7,,,,,
2020Q1,TANF Participants in Workforce Service ,,,"Howard County, Maryland",5,,,,,
2020Q2,TANF Participants in Workforce Service ,,,"Howard County, Maryland",6,,,,,
2020Q3,TANF Participants in Workforce Service ,,,"Howard County, Maryland",3,,,,,
2020Q4,TANF Participants in Workforce Service ,,,"Howard County, Maryland",3,,,,,
2021Q2,TANF Participants in Workforce Service ,,,"Howard County, Maryland",4,,,,,
2021Q3,TANF Participants in Workforce Service ,,,"Howard County, Maryland",4,,,,,
2021Q4,TANF Participants in Workforce Service ,,,"Howard County, Maryland",4,,,,,
2022Q1,TANF Participants in Workforce Service ,,,"Howard County, Maryland",8,,,,,
2022Q2,TANF Participants in Workforce Service ,,,"Howard County, Maryland",1,,,,,
2016Q3,TANF Participants in Workforce Service ,,,"Kent County, Maryland",1,,,,,
2017Q1,TANF Participants in Workforce Service ,,,"Kent County, Maryland",2,,,,,
2017Q2,TANF Participants in Workforce Service ,,,"Kent County, Maryland",2,,,,,
2017Q4,TANF Participants in Workforce Service ,,,"Kent County, Maryland",1,,,,,
2018Q1,TANF Participants in Workforce Service ,,,"Kent County, Maryland",1,,,,,
2018Q2,TANF Participants in Workforce Service ,,,"Kent County, Maryland",2,,,,,
2018Q4,TANF Participants in Workforce Service ,,,"Kent County, Maryland",2,,,,,
2019Q2,TANF Participants in Workforce Service ,,,"Kent County, Maryland",1,,,,,
2019Q4,TANF Participants in Workforce Service ,,,"Kent County, Maryland",1,,,,,
2020Q1,TANF Participants in Workforce Service ,,,"Kent County, Maryland",2,,,,,
2021Q4,TANF Participants in Workforce Service ,,,"Kent County, Maryland",1,,,,,
2022Q2,TANF Participants in Workforce Service ,,,"Kent County, Maryland",1,,,,,
2016Q3,TANF Participants in Workforce Service ,,,"Montgomery County, Maryland",9,,,,,
2016Q4,TANF Participants in Workforce Service ,,,"Montgomery County, Maryland",8,,,,,
2017Q1,TANF Participants in Workforce Service ,,,"Montgomery County, Maryland",3,,,,,
2017Q2,TANF Participants in Workforce Service ,,,"Montgomery County, Maryland",3,,,,,
2017Q3,TANF Participants in Workforce Service ,,,"Montgomery County, Maryland",12,,,,,
2017Q4,TANF Participants in Workforce Service ,,,"Montgomery County, Maryland",8,,,,,
2018Q1,TANF Participants in Workforce Service ,,,"Montgomery County, Maryland",6,,,,,
2018Q2,TANF Participants in Workforce Service ,,,"Montgomery County, Maryland",12,,,,,
2018Q3,TANF Participants in Workforce Service ,,,"Montgomery County, Maryland",5,,,,,
2018Q4,TANF Participants in Workforce Service ,,,"Montgomery County, Maryland",8,,,,,
2019Q1,TANF Participants in Workforce Service ,,,"Montgomery County, Maryland",12,,,,,
2019Q2,TANF Participants in Workforce Service ,,,"Montgomery County, Maryland",12,,,,,
2019Q3,TANF Participants in Workforce Service ,,,"Montgomery County, Maryland",11,,,,,
2019Q4,TANF Participants in Workforce Service ,,,"Montgomery County, Maryland",6,,,,,
2020Q1,TANF Participants in Workforce Service ,,,"Montgomery County, Maryland",8,,,,,
2020Q2,TANF Participants in Workforce Service ,,,"Montgomery County, Maryland",12,,,,,
2020Q3,TANF Participants in Workforce Service ,,,"Montgomery County, Maryland",10,,,,,
2020Q4,TANF Participants in Workforce Service ,,,"Montgomery County, Maryland",3,,,,,
2021Q1,TANF Participants in Workforce Service ,,,"Montgomery County, Maryland",14,,,,,
2021Q2,TANF Participants in Workforce Service ,,,"Montgomery County, Maryland",16,,,,,
2021Q3,TANF Participants in Workforce Service ,,,"Montgomery County, Maryland",11,,,,,
2021Q4,TANF Participants in Workforce Service ,,,"Montgomery County, Maryland",8,,,,,
2022Q1,TANF Participants in Workforce Service ,,,"Montgomery County, Maryland",5,,,,,
2022Q2,TANF Participants in Workforce Service ,,,"Montgomery County, Maryland",4,,,,,
2016Q3,TANF Participants in Workforce Service ,,,"Prince Georges County, Maryland",15,,,,,
2016Q4,TANF Participants in Workforce Service ,,,"Prince Georges County, Maryland",8,,,,,
2017Q1,TANF Participants in Workforce Service ,,,"Prince Georges County, Maryland",15,,,,,
2017Q2,TANF Participants in Workforce Service ,,,"Prince Georges County, Maryland",23,,,,,
2017Q3,TANF Participants in Workforce Service ,,,"Prince Georges County, Maryland",15,,,,,
2017Q4,TANF Participants in Workforce Service ,,,"Prince Georges County, Maryland",30,,,,,
2018Q1,TANF Participants in Workforce Service ,,,"Prince Georges County, Maryland",24,,,,,
2018Q2,TANF Participants in Workforce Service ,,,"Prince Georges County, Maryland",11,,,,,
2018Q3,TANF Participants in Workforce Service ,,,"Prince Georges County, Maryland",13,,,,,
2018Q4,TANF Participants in Workforce Service ,,,"Prince Georges County, Maryland",24,,,,,
2019Q1,TANF Participants in Workforce Service ,,,"Prince Georges County, Maryland",21,,,,,
2019Q2,TANF Participants in Workforce Service ,,,"Prince Georges County, Maryland",22,,,,,
2019Q3,TANF Participants in Workforce Service ,,,"Prince Georges County, Maryland",20,,,,,
2019Q4,TANF Participants in Workforce Service ,,,"Prince Georges County, Maryland",30,,,,,
2020Q1,TANF Participants in Workforce Service ,,,"Prince Georges County, Maryland",39,,,,,
2020Q2,TANF Participants in Workforce Service ,,,"Prince Georges County, Maryland",35,,,,,
2020Q3,TANF Participants in Workforce Service ,,,"Prince Georges County, Maryland",18,,,,,
2020Q4,TANF Participants in Workforce Service ,,,"Prince Georges County, Maryland",11,,,,,
2021Q1,TANF Participants in Workforce Service ,,,"Prince Georges County, Maryland",13,,,,,
2021Q2,TANF Participants in Workforce Service ,,,"Prince Georges County, Maryland",34,,,,,
2021Q3,TANF Participants in Workforce Service ,,,"Prince Georges County, Maryland",17,,,,,
2021Q4,TANF Participants in Workforce Service ,,,"Prince Georges County, Maryland",19,,,,,
2022Q1,TANF Participants in Workforce Service ,,,"Prince Georges County, Maryland",22,,,,,
2022Q2,TANF Participants in Workforce Service ,,,"Prince Georges County, Maryland",8,,,,,
2016Q3,TANF Participants in Workforce Service ,,,"Queen Annes County, Maryland",1,,,,,
2017Q2,TANF Participants in Workforce Service ,,,"Queen Annes County, Maryland",1,,,,,
2017Q4,TANF Participants in Workforce Service ,,,"Queen Annes County, Maryland",2,,,,,
2018Q1,TANF Participants in Workforce Service ,,,"Queen Annes County, Maryland",2,,,,,
2020Q2,TANF Participants in Workforce Service ,,,"Queen Annes County, Maryland",3,,,,,
2021Q2,TANF Participants in Workforce Service ,,,"Queen Annes County, Maryland",3,,,,,
2021Q3,TANF Participants in Workforce Service ,,,"Queen Annes County, Maryland",1,,,,,
2022Q1,TANF Participants in Workforce Service ,,,"Queen Annes County, Maryland",2,,,,,
2022Q2,TANF Participants in Workforce Service ,,,"Queen Annes County, Maryland",1,,,,,
2016Q3,TANF Participants in Workforce Service ,,,"St Marys County, Maryland",10,,,,,
2016Q4,TANF Participants in Workforce Service ,,,"St Marys County, Maryland",6,,,,,
2017Q1,TANF Participants in Workforce Service ,,,"St Marys County, Maryland",11,,,,,
2017Q2,TANF Participants in Workforce Service ,,,"St Marys County, Maryland",14,,,,,
2017Q3,TANF Participants in Workforce Service ,,,"St Marys County, Maryland",2,,,,,
2017Q4,TANF Participants in Workforce Service ,,,"St Marys County, Maryland",4,,,,,
2018Q1,TANF Participants in Workforce Service ,,,"St Marys County, Maryland",5,,,,,
2018Q2,TANF Participants in Workforce Service ,,,"St Marys County, Maryland",8,,,,,
2018Q3,TANF Participants in Workforce Service ,,,"St Marys County, Maryland",12,,,,,
2018Q4,TANF Participants in Workforce Service ,,,"St Marys County, Maryland",10,,,,,
2019Q1,TANF Participants in Workforce Service ,,,"St Marys County, Maryland",10,,,,,
2019Q2,TANF Participants in Workforce Service ,,,"St Marys County, Maryland",5,,,,,
2019Q3,TANF Participants in Workforce Service ,,,"St Marys County, Maryland",9,,,,,
2019Q4,TANF Participants in Workforce Service ,,,"St Marys County, Maryland",11,,,,,
2020Q1,TANF Participants in Workforce Service ,,,"St Marys County, Maryland",8,,,,,
2020Q2,TANF Participants in Workforce Service ,,,"St Marys County, Maryland",7,,,,,
2020Q3,TANF Participants in Workforce Service ,,,"St Marys County, Maryland",4,,,,,
2020Q4,TANF Participants in Workforce Service ,,,"St Marys County, Maryland",2,,,,,
2021Q1,TANF Participants in Workforce Service ,,,"St Marys County, Maryland",7,,,,,
2021Q2,TANF Participants in Workforce Service ,,,"St Marys County, Maryland",6,,,,,
2021Q3,TANF Participants in Workforce Service ,,,"St Marys County, Maryland",7,,,,,
2021Q4,TANF Participants in Workforce Service ,,,"St Marys County, Maryland",4,,,,,
2022Q1,TANF Participants in Workforce Service ,,,"St Marys County, Maryland",5,,,,,
2022Q2,TANF Participants in Workforce Service ,,,"St Marys County, Maryland",1,,,,,
2016Q3,TANF Participants in Workforce Service ,,,"Somerset County, Maryland",9,,,,,
2016Q4,TANF Participants in Workforce Service ,,,"Somerset County, Maryland",2,,,,,
2017Q1,TANF Participants in Workforce Service ,,,"Somerset County, Maryland",8,,,,,
2017Q2,TANF Participants in Workforce Service ,,,"Somerset County, Maryland",5,,,,,
2017Q3,TANF Participants in Workforce Service ,,,"Somerset County, Maryland",3,,,,,
2017Q4,TANF Participants in Workforce Service ,,,"Somerset County, Maryland",2,,,,,
2018Q1,TANF Participants in Workforce Service ,,,"Somerset County, Maryland",2,,,,,
2018Q2,TANF Participants in Workforce Service ,,,"Somerset County, Maryland",2,,,,,
2018Q3,TANF Participants in Workforce Service ,,,"Somerset County, Maryland",2,,,,,
2018Q4,TANF Participants in Workforce Service ,,,"Somerset County, Maryland",1,,,,,
2019Q1,TANF Participants in Workforce Service ,,,"Somerset County, Maryland",3,,,,,
2019Q2,TANF Participants in Workforce Service ,,,"Somerset County, Maryland",6,,,,,
2019Q3,TANF Participants in Workforce Service ,,,"Somerset County, Maryland",1,,,,,
2020Q2,TANF Participants in Workforce Service ,,,"Somerset County, Maryland",2,,,,,
2021Q1,TANF Participants in Workforce Service ,,,"Somerset County, Maryland",1,,,,,
2021Q2,TANF Participants in Workforce Service ,,,"Somerset County, Maryland",1,,,,,
2021Q3,TANF Participants in Workforce Service ,,,"Somerset County, Maryland",1,,,,,
2021Q4,TANF Participants in Workforce Service ,,,"Somerset County, Maryland",3,,,,,
2017Q1,TANF Participants in Workforce Service ,,,"Talbot County, Maryland",2,,,,,
2017Q2,TANF Participants in Workforce Service ,,,"Talbot County, Maryland",2,,,,,
2017Q3,TANF Participants in Workforce Service ,,,"Talbot County, Maryland",1,,,,,
2017Q4,TANF Participants in Workforce Service ,,,"Talbot County, Maryland",2,,,,,
2018Q2,TANF Participants in Workforce Service ,,,"Talbot County, Maryland",2,,,,,
2018Q4,TANF Participants in Workforce Service ,,,"Talbot County, Maryland",2,,,,,
2019Q1,TANF Participants in Workforce Service ,,,"Talbot County, Maryland",2,,,,,
2020Q1,TANF Participants in Workforce Service ,,,"Talbot County, Maryland",1,,,,,
2020Q4,TANF Participants in Workforce Service ,,,"Talbot County, Maryland",2,,,,,
2021Q1,TANF Participants in Workforce Service ,,,"Talbot County, Maryland",1,,,,,
2021Q3,TANF Participants in Workforce Service ,,,"Talbot County, Maryland",1,,,,,
2021Q4,TANF Participants in Workforce Service ,,,"Talbot County, Maryland",2,,,,,
2022Q1,TANF Participants in Workforce Service ,,,"Talbot County, Maryland",1,,,,,
2016Q3,TANF Participants in Workforce Service ,,,"Washington County, Maryland",4,,,,,
2017Q1,TANF Participants in Workforce Service ,,,"Washington County, Maryland",7,,,,,
2017Q2,TANF Participants in Workforce Service ,,,"Washington County, Maryland",8,,,,,
2017Q3,TANF Participants in Workforce Service ,,,"Washington County, Maryland",3,,,,,
2017Q4,TANF Participants in Workforce Service ,,,"Washington County, Maryland",4,,,,,
2018Q1,TANF Participants in Workforce Service ,,,"Washington County, Maryland",1,,,,,
2018Q2,TANF Participants in Workforce Service ,,,"Washington County, Maryland",3,,,,,
2018Q3,TANF Participants in Workforce Service ,,,"Washington County, Maryland",3,,,,,
2018Q4,TANF Participants in Workforce Service ,,,"Washington County, Maryland",3,,,,,
2019Q1,TANF Participants in Workforce Service ,,,"Washington County, Maryland",7,,,,,
2019Q2,TANF Participants in Workforce Service ,,,"Washington County, Maryland",8,,,,,
2019Q3,TANF Participants in Workforce Service ,,,"Washington County, Maryland",1,,,,,
2019Q4,TANF Participants in Workforce Service ,,,"Washington County, Maryland",8,,,,,
2020Q1,TANF Participants in Workforce Service ,,,"Washington County, Maryland",10,,,,,
2020Q2,TANF Participants in Workforce Service ,,,"Washington County, Maryland",7,,,,,
2020Q3,TANF Participants in Workforce Service ,,,"Washington County, Maryland",7,,,,,
2020Q4,TANF Participants in Workforce Service ,,,"Washington County, Maryland",3,,,,,
2021Q1,TANF Participants in Workforce Service ,,,"Washington County, Maryland",3,,,,,
2021Q2,TANF Participants in Workforce Service ,,,"Washington County, Maryland",4,,,,,
2021Q3,TANF Participants in Workforce Service ,,,"Washington County, Maryland",5,,,,,
2021Q4,TANF Participants in Workforce Service ,,,"Washington County, Maryland",6,,,,,
2022Q1,TANF Participants in Workforce Service ,,,"Washington County, Maryland",4,,,,,
2016Q3,TANF Participants in Workforce Service ,,,"Wicomico County, Maryland",45,,,,,
2016Q4,TANF Participants in Workforce Service ,,,"Wicomico County, Maryland",18,,,,,
2017Q1,TANF Participants in Workforce Service ,,,"Wicomico County, Maryland",29,,,,,
2017Q2,TANF Participants in Workforce Service ,,,"Wicomico County, Maryland",22,,,,,
2017Q3,TANF Participants in Workforce Service ,,,"Wicomico County, Maryland",17,,,,,
2017Q4,TANF Participants in Workforce Service ,,,"Wicomico County, Maryland",14,,,,,
2018Q1,TANF Participants in Workforce Service ,,,"Wicomico County, Maryland",17,,,,,
2018Q2,TANF Participants in Workforce Service ,,,"Wicomico County, Maryland",13,,,,,
2018Q3,TANF Participants in Workforce Service ,,,"Wicomico County, Maryland",15,,,,,
2018Q4,TANF Participants in Workforce Service ,,,"Wicomico County, Maryland",19,,,,,
2019Q1,TANF Participants in Workforce Service ,,,"Wicomico County, Maryland",19,,,,,
2019Q2,TANF Participants in Workforce Service ,,,"Wicomico County, Maryland",16,,,,,
2019Q3,TANF Participants in Workforce Service ,,,"Wicomico County, Maryland",13,,,,,
2019Q4,TANF Participants in Workforce Service ,,,"Wicomico County, Maryland",7,,,,,
2020Q1,TANF Participants in Workforce Service ,,,"Wicomico County, Maryland",7,,,,,
2020Q2,TANF Participants in Workforce Service ,,,"Wicomico County, Maryland",7,,,,,
2020Q3,TANF Participants in Workforce Service ,,,"Wicomico County, Maryland",4,,,,,
2021Q1,TANF Participants in Workforce Service ,,,"Wicomico County, Maryland",2,,,,,
2021Q2,TANF Participants in Workforce Service ,,,"Wicomico County, Maryland",6,,,,,
2021Q3,TANF Participants in Workforce Service ,,,"Wicomico County, Maryland",8,,,,,
2021Q4,TANF Participants in Workforce Service ,,,"Wicomico County, Maryland",4,,,,,
2022Q1,TANF Participants in Workforce Service ,,,"Wicomico County, Maryland",12,,,,,
2016Q3,TANF Participants in Workforce Service ,,,"Worcester County, Maryland",2,,,,,
2017Q1,TANF Participants in Workforce Service ,,,"Worcester County, Maryland",1,,,,,
2017Q4,TANF Participants in Workforce Service ,,,"Worcester County, Maryland",1,,,,,
2018Q2,TANF Participants in Workforce Service ,,,"Worcester County, Maryland",1,,,,,
2018Q3,TANF Participants in Workforce Service ,,,"Worcester County, Maryland",1,,,,,
2019Q2,TANF Participants in Workforce Service ,,,"Worcester County, Maryland",1,,,,,
2019Q3,TANF Participants in Workforce Service ,,,"Worcester County, Maryland",1,,,,,
2019Q4,TANF Participants in Workforce Service ,,,"Worcester County, Maryland",1,,,,,
2020Q1,TANF Participants in Workforce Service ,,,"Worcester County, Maryland",2,,,,,
2020Q2,TANF Participants in Workforce Service ,,,"Worcester County, Maryland",6,,,,,
2020Q4,TANF Participants in Workforce Service ,,,"Worcester County, Maryland",2,,,,,
2021Q1,TANF Participants in Workforce Service ,,,"Worcester County, Maryland",1,,,,,
2021Q2,TANF Participants in Workforce Service ,,,"Worcester County, Maryland",1,,,,,
2021Q3,TANF Participants in Workforce Service ,,,"Worcester County, Maryland",1,,,,,
2021Q4,TANF Participants in Workforce Service ,,,"Worcester County, Maryland",2,,,,,
2022Q1,TANF Participants in Workforce Service ,,,"Worcester County, Maryland",1,,,,,
