2016Q3,Percent of Workforce Service participants in TANF (%),,,"Allegany County, Maryland",0.917431193,0.009174312,,,,,
2017Q1,Percent of Workforce Service participants in TANF (%),,,"Allegany County, Maryland",1.47601476,0.014760148,,,,,
2017Q2,Percent of Workforce Service participants in TANF (%),,,"Allegany County, Maryland",0.711743772,0.007117438,,,,,
2017Q3,Percent of Workforce Service participants in TANF (%),,,"Allegany County, Maryland",0.46728972,0.004672897,,,,,
2017Q4,Percent of Workforce Service participants in TANF (%),,,"Allegany County, Maryland",1.290322581,0.012903226,,,,,
2018Q1,Percent of Workforce Service participants in TANF (%),,,"Allegany County, Maryland",0.909090909,0.009090909,,,,,
2018Q2,Percent of Workforce Service participants in TANF (%),,,"Allegany County, Maryland",0.64516129,0.006451613,,,,,
2018Q4,Percent of Workforce Service participants in TANF (%),,,"Allegany County, Maryland",2.222222222,0.022222222,,,,,
2019Q2,Percent of Workforce Service participants in TANF (%),,,"Allegany County, Maryland",0.687285223,0.006872852,,,,,
2019Q3,Percent of Workforce Service participants in TANF (%),,,"Allegany County, Maryland",0.778210117,0.007782101,,,,,
2020Q1,Percent of Workforce Service participants in TANF (%),,,"Allegany County, Maryland",0.128205128,0.001282051,,,,,
2020Q2,Percent of Workforce Service participants in TANF (%),,,"Allegany County, Maryland",0.557103064,0.005571031,,,,,
2021Q1,Percent of Workforce Service participants in TANF (%),,,"Allegany County, Maryland",0.5,0.005,,,,,
2021Q2,Percent of Workforce Service participants in TANF (%),,,"Allegany County, Maryland",1.428571429,0.014285714,,,,,
2021Q3,Percent of Workforce Service participants in TANF (%),,,"Allegany County, Maryland",0.625,0.00625,,,,,
2021Q4,Percent of Workforce Service participants in TANF (%),,,"Allegany County, Maryland",1.315789474,0.013157895,,,,,
2022Q1,Percent of Workforce Service participants in TANF (%),,,"Allegany County, Maryland",0.460829493,0.004608295,,,,,
2016Q3,Percent of Workforce Service participants in TANF (%),,,"Anne Arundel County, Maryland",1.044083527,0.010440835,,,,,
2016Q4,Percent of Workforce Service participants in TANF (%),,,"Anne Arundel County, Maryland",1.965601966,0.01965602,,,,,
2017Q1,Percent of Workforce Service participants in TANF (%),,,"Anne Arundel County, Maryland",1.762114537,0.017621145,,,,,
2017Q2,Percent of Workforce Service participants in TANF (%),,,"Anne Arundel County, Maryland",1.507537688,0.015075377,,,,,
2017Q3,Percent of Workforce Service participants in TANF (%),,,"Anne Arundel County, Maryland",0.78125,0.0078125,,,,,
2017Q4,Percent of Workforce Service participants in TANF (%),,,"Anne Arundel County, Maryland",0.453001133,0.004530011,,,,,
2018Q1,Percent of Workforce Service participants in TANF (%),,,"Anne Arundel County, Maryland",1.088435374,0.010884354,,,,,
2018Q2,Percent of Workforce Service participants in TANF (%),,,"Anne Arundel County, Maryland",0.838323353,0.008383234,,,,,
2018Q3,Percent of Workforce Service participants in TANF (%),,,"Anne Arundel County, Maryland",0.657894737,0.006578947,,,,,
2018Q4,Percent of Workforce Service participants in TANF (%),,,"Anne Arundel County, Maryland",0.88365243,0.008836524,,,,,
2019Q1,Percent of Workforce Service participants in TANF (%),,,"Anne Arundel County, Maryland",0.807381776,0.008073818,,,,,
2019Q2,Percent of Workforce Service participants in TANF (%),,,"Anne Arundel County, Maryland",0.262467192,0.002624672,,,,,
2019Q3,Percent of Workforce Service participants in TANF (%),,,"Anne Arundel County, Maryland",0.823045267,0.008230453,,,,,
2019Q4,Percent of Workforce Service participants in TANF (%),,,"Anne Arundel County, Maryland",0.965517241,0.009655172,,,,,
2020Q1,Percent of Workforce Service participants in TANF (%),,,"Anne Arundel County, Maryland",1.417666303,0.014176663,,,,,
2020Q2,Percent of Workforce Service participants in TANF (%),,,"Anne Arundel County, Maryland",0.824742268,0.008247423,,,,,
2020Q3,Percent of Workforce Service participants in TANF (%),,,"Anne Arundel County, Maryland",0.821744627,0.008217446,,,,,
2020Q4,Percent of Workforce Service participants in TANF (%),,,"Anne Arundel County, Maryland",1.741654572,0.017416546,,,,,
2021Q1,Percent of Workforce Service participants in TANF (%),,,"Anne Arundel County, Maryland",1.481481481,0.014814815,,,,,
2021Q2,Percent of Workforce Service participants in TANF (%),,,"Anne Arundel County, Maryland",4.545454545,0.045454545,,,,,
2021Q3,Percent of Workforce Service participants in TANF (%),,,"Anne Arundel County, Maryland",5.088495575,0.050884956,,,,,
2021Q4,Percent of Workforce Service participants in TANF (%),,,"Anne Arundel County, Maryland",2.9143898,0.029143898,,,,,
2022Q1,Percent of Workforce Service participants in TANF (%),,,"Anne Arundel County, Maryland",2.386634845,0.023866348,,,,,
2022Q2,Percent of Workforce Service participants in TANF (%),,,"Anne Arundel County, Maryland",2.105263158,0.021052632,,,,,
2016Q3,Percent of Workforce Service participants in TANF (%),,,"Baltimore City, Maryland",3.901950975,0.03901951,,,,,
2016Q4,Percent of Workforce Service participants in TANF (%),,,"Baltimore City, Maryland",1.174496644,0.011744966,,,,,
2017Q1,Percent of Workforce Service participants in TANF (%),,,"Baltimore City, Maryland",1.784037559,0.017840376,,,,,
2017Q2,Percent of Workforce Service participants in TANF (%),,,"Baltimore City, Maryland",1.615271659,0.016152717,,,,,
2017Q3,Percent of Workforce Service participants in TANF (%),,,"Baltimore City, Maryland",1.426772975,0.01426773,,,,,
2017Q4,Percent of Workforce Service participants in TANF (%),,,"Baltimore City, Maryland",1.337613697,0.013376137,,,,,
2018Q1,Percent of Workforce Service participants in TANF (%),,,"Baltimore City, Maryland",0.969109631,0.009691096,,,,,
2018Q2,Percent of Workforce Service participants in TANF (%),,,"Baltimore City, Maryland",1.434643996,0.01434644,,,,,
2018Q3,Percent of Workforce Service participants in TANF (%),,,"Baltimore City, Maryland",1.754385965,0.01754386,,,,,
2018Q4,Percent of Workforce Service participants in TANF (%),,,"Baltimore City, Maryland",1.964395335,0.019643953,,,,,
2019Q1,Percent of Workforce Service participants in TANF (%),,,"Baltimore City, Maryland",0.647410359,0.006474104,,,,,
2019Q2,Percent of Workforce Service participants in TANF (%),,,"Baltimore City, Maryland",0.568504832,0.005685048,,,,,
2019Q3,Percent of Workforce Service participants in TANF (%),,,"Baltimore City, Maryland",1.483679525,0.014836795,,,,,
2019Q4,Percent of Workforce Service participants in TANF (%),,,"Baltimore City, Maryland",1.134328358,0.011343284,,,,,
2020Q1,Percent of Workforce Service participants in TANF (%),,,"Baltimore City, Maryland",1.1,0.011,,,,,
2020Q2,Percent of Workforce Service participants in TANF (%),,,"Baltimore City, Maryland",0.539429746,0.005394297,,,,,
2020Q3,Percent of Workforce Service participants in TANF (%),,,"Baltimore City, Maryland",1.575809199,0.015758092,,,,,
2020Q4,Percent of Workforce Service participants in TANF (%),,,"Baltimore City, Maryland",1.154249738,0.011542497,,,,,
2021Q1,Percent of Workforce Service participants in TANF (%),,,"Baltimore City, Maryland",1.883830455,0.018838305,,,,,
2021Q2,Percent of Workforce Service participants in TANF (%),,,"Baltimore City, Maryland",2.953586498,0.029535865,,,,,
2021Q3,Percent of Workforce Service participants in TANF (%),,,"Baltimore City, Maryland",4.145936982,0.04145937,,,,,
2021Q4,Percent of Workforce Service participants in TANF (%),,,"Baltimore City, Maryland",2.815699659,0.028156997,,,,,
2022Q1,Percent of Workforce Service participants in TANF (%),,,"Baltimore City, Maryland",2.010968921,0.020109689,,,,,
2022Q2,Percent of Workforce Service participants in TANF (%),,,"Baltimore City, Maryland",1.908396947,0.019083969,,,,,
2016Q3,Percent of Workforce Service participants in TANF (%),,,"Baltimore County, Maryland",4.908888062,0.049088881,,,,,
2016Q4,Percent of Workforce Service participants in TANF (%),,,"Baltimore County, Maryland",4.784899034,0.04784899,,,,,
2017Q1,Percent of Workforce Service participants in TANF (%),,,"Baltimore County, Maryland",3.214953271,0.032149533,,,,,
2017Q2,Percent of Workforce Service participants in TANF (%),,,"Baltimore County, Maryland",3.151862464,0.031518625,,,,,
2017Q3,Percent of Workforce Service participants in TANF (%),,,"Baltimore County, Maryland",2.430133657,0.024301337,,,,,
2017Q4,Percent of Workforce Service participants in TANF (%),,,"Baltimore County, Maryland",2.430724356,0.024307244,,,,,
2018Q1,Percent of Workforce Service participants in TANF (%),,,"Baltimore County, Maryland",1.694045175,0.016940452,,,,,
2018Q2,Percent of Workforce Service participants in TANF (%),,,"Baltimore County, Maryland",2.045908184,0.020459082,,,,,
2018Q3,Percent of Workforce Service participants in TANF (%),,,"Baltimore County, Maryland",2.357071214,0.023570712,,,,,
2018Q4,Percent of Workforce Service participants in TANF (%),,,"Baltimore County, Maryland",1.713653952,0.01713654,,,,,
2019Q1,Percent of Workforce Service participants in TANF (%),,,"Baltimore County, Maryland",1.36406397,0.01364064,,,,,
2019Q2,Percent of Workforce Service participants in TANF (%),,,"Baltimore County, Maryland",1.596993894,0.015969939,,,,,
2019Q3,Percent of Workforce Service participants in TANF (%),,,"Baltimore County, Maryland",2.278893109,0.022788931,,,,,
2019Q4,Percent of Workforce Service participants in TANF (%),,,"Baltimore County, Maryland",1.741293532,0.017412935,,,,,
2020Q1,Percent of Workforce Service participants in TANF (%),,,"Baltimore County, Maryland",1.340033501,0.013400335,,,,,
2020Q2,Percent of Workforce Service participants in TANF (%),,,"Baltimore County, Maryland",1.471975844,0.014719758,,,,,
2020Q3,Percent of Workforce Service participants in TANF (%),,,"Baltimore County, Maryland",3.783924843,0.037839248,,,,,
2020Q4,Percent of Workforce Service participants in TANF (%),,,"Baltimore County, Maryland",4.432132964,0.04432133,,,,,
2021Q1,Percent of Workforce Service participants in TANF (%),,,"Baltimore County, Maryland",3.607214429,0.036072144,,,,,
2021Q2,Percent of Workforce Service participants in TANF (%),,,"Baltimore County, Maryland",5.165496489,0.051654965,,,,,
2021Q3,Percent of Workforce Service participants in TANF (%),,,"Baltimore County, Maryland",5.408515535,0.054085155,,,,,
2021Q4,Percent of Workforce Service participants in TANF (%),,,"Baltimore County, Maryland",6.636155606,0.066361556,,,,,
2022Q1,Percent of Workforce Service participants in TANF (%),,,"Baltimore County, Maryland",5.043478261,0.050434783,,,,,
2022Q2,Percent of Workforce Service participants in TANF (%),,,"Baltimore County, Maryland",1.454545455,0.014545455,,,,,
2016Q3,Percent of Workforce Service participants in TANF (%),,,"Calvert County, Maryland",5.18134715,0.051813472,,,,,
2016Q4,Percent of Workforce Service participants in TANF (%),,,"Calvert County, Maryland",1.639344262,0.016393443,,,,,
2017Q4,Percent of Workforce Service participants in TANF (%),,,"Calvert County, Maryland",0.826446281,0.008264463,,,,,
2019Q4,Percent of Workforce Service participants in TANF (%),,,"Calvert County, Maryland",1.515151515,0.015151515,,,,,
2020Q1,Percent of Workforce Service participants in TANF (%),,,"Calvert County, Maryland",1.293103448,0.012931034,,,,,
2020Q2,Percent of Workforce Service participants in TANF (%),,,"Calvert County, Maryland",0.215053763,0.002150538,,,,,
2020Q3,Percent of Workforce Service participants in TANF (%),,,"Calvert County, Maryland",0.609756098,0.006097561,,,,,
2021Q1,Percent of Workforce Service participants in TANF (%),,,"Calvert County, Maryland",0.621118012,0.00621118,,,,,
2021Q2,Percent of Workforce Service participants in TANF (%),,,"Calvert County, Maryland",2.285714286,0.022857143,,,,,
2021Q3,Percent of Workforce Service participants in TANF (%),,,"Calvert County, Maryland",1.587301587,0.015873016,,,,,
2021Q4,Percent of Workforce Service participants in TANF (%),,,"Calvert County, Maryland",0.952380952,0.00952381,,,,,
2022Q1,Percent of Workforce Service participants in TANF (%),,,"Calvert County, Maryland",1.923076923,0.019230769,,,,,
2022Q2,Percent of Workforce Service participants in TANF (%),,,"Calvert County, Maryland",5,0.05,,,,,
2016Q3,Percent of Workforce Service participants in TANF (%),,,"Caroline County, Maryland",0.757575758,0.007575758,,,,,
2016Q4,Percent of Workforce Service participants in TANF (%),,,"Caroline County, Maryland",1.282051282,0.012820513,,,,,
2017Q1,Percent of Workforce Service participants in TANF (%),,,"Caroline County, Maryland",0.793650794,0.007936508,,,,,
2017Q3,Percent of Workforce Service participants in TANF (%),,,"Caroline County, Maryland",3.125,0.03125,,,,,
2017Q4,Percent of Workforce Service participants in TANF (%),,,"Caroline County, Maryland",1.005025126,0.010050251,,,,,
2018Q1,Percent of Workforce Service participants in TANF (%),,,"Caroline County, Maryland",0.961538462,0.009615385,,,,,
2018Q2,Percent of Workforce Service participants in TANF (%),,,"Caroline County, Maryland",1.176470588,0.011764706,,,,,
2018Q3,Percent of Workforce Service participants in TANF (%),,,"Caroline County, Maryland",1.265822785,0.012658228,,,,,
2018Q4,Percent of Workforce Service participants in TANF (%),,,"Caroline County, Maryland",1.123595506,0.011235955,,,,,
2019Q2,Percent of Workforce Service participants in TANF (%),,,"Caroline County, Maryland",1.587301587,0.015873016,,,,,
2019Q3,Percent of Workforce Service participants in TANF (%),,,"Caroline County, Maryland",1.587301587,0.015873016,,,,,
2019Q4,Percent of Workforce Service participants in TANF (%),,,"Caroline County, Maryland",1.219512195,0.012195122,,,,,
2020Q1,Percent of Workforce Service participants in TANF (%),,,"Caroline County, Maryland",1.01010101,0.01010101,,,,,
2021Q1,Percent of Workforce Service participants in TANF (%),,,"Caroline County, Maryland",4.255319149,0.042553191,,,,,
2021Q2,Percent of Workforce Service participants in TANF (%),,,"Caroline County, Maryland",3.225806452,0.032258065,,,,,
2021Q3,Percent of Workforce Service participants in TANF (%),,,"Caroline County, Maryland",1.470588235,0.014705882,,,,,
2021Q4,Percent of Workforce Service participants in TANF (%),,,"Caroline County, Maryland",2.985074627,0.029850746,,,,,
2022Q1,Percent of Workforce Service participants in TANF (%),,,"Caroline County, Maryland",4.210526316,0.042105263,,,,,
2016Q3,Percent of Workforce Service participants in TANF (%),,,"Carroll County, Maryland",2.266288952,0.02266289,,,,,
2017Q1,Percent of Workforce Service participants in TANF (%),,,"Carroll County, Maryland",0.282485876,0.002824859,,,,,
2017Q2,Percent of Workforce Service participants in TANF (%),,,"Carroll County, Maryland",0.261780105,0.002617801,,,,,
2017Q3,Percent of Workforce Service participants in TANF (%),,,"Carroll County, Maryland",1.529051988,0.01529052,,,,,
2018Q1,Percent of Workforce Service participants in TANF (%),,,"Carroll County, Maryland",1.194029851,0.011940299,,,,,
2018Q2,Percent of Workforce Service participants in TANF (%),,,"Carroll County, Maryland",0.887573964,0.00887574,,,,,
2018Q3,Percent of Workforce Service participants in TANF (%),,,"Carroll County, Maryland",0.657894737,0.006578947,,,,,
2018Q4,Percent of Workforce Service participants in TANF (%),,,"Carroll County, Maryland",1.428571429,0.014285714,,,,,
2019Q1,Percent of Workforce Service participants in TANF (%),,,"Carroll County, Maryland",0.636942675,0.006369427,,,,,
2019Q2,Percent of Workforce Service participants in TANF (%),,,"Carroll County, Maryland",2.464788732,0.024647887,,,,,
2019Q3,Percent of Workforce Service participants in TANF (%),,,"Carroll County, Maryland",1.449275362,0.014492754,,,,,
2019Q4,Percent of Workforce Service participants in TANF (%),,,"Carroll County, Maryland",0.357142857,0.003571429,,,,,
2020Q1,Percent of Workforce Service participants in TANF (%),,,"Carroll County, Maryland",0.550964187,0.005509642,,,,,
2020Q2,Percent of Workforce Service participants in TANF (%),,,"Carroll County, Maryland",0.477707006,0.00477707,,,,,
2020Q3,Percent of Workforce Service participants in TANF (%),,,"Carroll County, Maryland",0.297619048,0.00297619,,,,,
2021Q1,Percent of Workforce Service participants in TANF (%),,,"Carroll County, Maryland",1.886792453,0.018867925,,,,,
2021Q2,Percent of Workforce Service participants in TANF (%),,,"Carroll County, Maryland",2.51572327,0.025157233,,,,,
2021Q3,Percent of Workforce Service participants in TANF (%),,,"Carroll County, Maryland",1.724137931,0.017241379,,,,,
2021Q4,Percent of Workforce Service participants in TANF (%),,,"Carroll County, Maryland",2.732240437,0.027322404,,,,,
2022Q1,Percent of Workforce Service participants in TANF (%),,,"Carroll County, Maryland",1.93236715,0.019323671,,,,,
2022Q2,Percent of Workforce Service participants in TANF (%),,,"Carroll County, Maryland",2,0.02,,,,,
2016Q3,Percent of Workforce Service participants in TANF (%),,,"Cecil County, Maryland",3,0.03,,,,,
2016Q4,Percent of Workforce Service participants in TANF (%),,,"Cecil County, Maryland",1.621621622,0.016216216,,,,,
2017Q1,Percent of Workforce Service participants in TANF (%),,,"Cecil County, Maryland",2.631578947,0.026315789,,,,,
2017Q2,Percent of Workforce Service participants in TANF (%),,,"Cecil County, Maryland",1.204819277,0.012048193,,,,,
2017Q3,Percent of Workforce Service participants in TANF (%),,,"Cecil County, Maryland",1.020408163,0.010204082,,,,,
2017Q4,Percent of Workforce Service participants in TANF (%),,,"Cecil County, Maryland",1.03626943,0.010362694,,,,,
2018Q1,Percent of Workforce Service participants in TANF (%),,,"Cecil County, Maryland",1.648351648,0.016483516,,,,,
2018Q2,Percent of Workforce Service participants in TANF (%),,,"Cecil County, Maryland",0.746268657,0.007462687,,,,,
2018Q4,Percent of Workforce Service participants in TANF (%),,,"Cecil County, Maryland",0.896860987,0.00896861,,,,,
2019Q1,Percent of Workforce Service participants in TANF (%),,,"Cecil County, Maryland",1.209677419,0.012096774,,,,,
2019Q2,Percent of Workforce Service participants in TANF (%),,,"Cecil County, Maryland",2.307692308,0.023076923,,,,,
2019Q3,Percent of Workforce Service participants in TANF (%),,,"Cecil County, Maryland",4.035874439,0.040358744,,,,,
2019Q4,Percent of Workforce Service participants in TANF (%),,,"Cecil County, Maryland",0.495049505,0.004950495,,,,,
2020Q1,Percent of Workforce Service participants in TANF (%),,,"Cecil County, Maryland",1.785714286,0.017857143,,,,,
2020Q2,Percent of Workforce Service participants in TANF (%),,,"Cecil County, Maryland",0.24691358,0.002469136,,,,,
2020Q3,Percent of Workforce Service participants in TANF (%),,,"Cecil County, Maryland",0.892857143,0.008928571,,,,,
2020Q4,Percent of Workforce Service participants in TANF (%),,,"Cecil County, Maryland",3.333333333,0.033333333,,,,,
2021Q1,Percent of Workforce Service participants in TANF (%),,,"Cecil County, Maryland",3.125,0.03125,,,,,
2021Q2,Percent of Workforce Service participants in TANF (%),,,"Cecil County, Maryland",1.149425287,0.011494253,,,,,
2021Q3,Percent of Workforce Service participants in TANF (%),,,"Cecil County, Maryland",4.166666667,0.041666667,,,,,
2021Q4,Percent of Workforce Service participants in TANF (%),,,"Cecil County, Maryland",2.816901408,0.028169014,,,,,
2022Q1,Percent of Workforce Service participants in TANF (%),,,"Cecil County, Maryland",3.191489362,0.031914894,,,,,
2016Q3,Percent of Workforce Service participants in TANF (%),,,"Charles County, Maryland",1.555555556,0.015555556,,,,,
2016Q4,Percent of Workforce Service participants in TANF (%),,,"Charles County, Maryland",1.89701897,0.01897019,,,,,
2017Q1,Percent of Workforce Service participants in TANF (%),,,"Charles County, Maryland",3.051643192,0.030516432,,,,,
2017Q2,Percent of Workforce Service participants in TANF (%),,,"Charles County, Maryland",3.411513859,0.034115139,,,,,
2017Q3,Percent of Workforce Service participants in TANF (%),,,"Charles County, Maryland",2.481389578,0.024813896,,,,,
2017Q4,Percent of Workforce Service participants in TANF (%),,,"Charles County, Maryland",1.851851852,0.018518519,,,,,
2018Q1,Percent of Workforce Service participants in TANF (%),,,"Charles County, Maryland",0.64516129,0.006451613,,,,,
2018Q2,Percent of Workforce Service participants in TANF (%),,,"Charles County, Maryland",1.438848921,0.014388489,,,,,
2018Q3,Percent of Workforce Service participants in TANF (%),,,"Charles County, Maryland",1.149425287,0.011494253,,,,,
2018Q4,Percent of Workforce Service participants in TANF (%),,,"Charles County, Maryland",1.857585139,0.018575851,,,,,
2019Q1,Percent of Workforce Service participants in TANF (%),,,"Charles County, Maryland",1.08401084,0.010840108,,,,,
2019Q2,Percent of Workforce Service participants in TANF (%),,,"Charles County, Maryland",1.265822785,0.012658228,,,,,
2019Q3,Percent of Workforce Service participants in TANF (%),,,"Charles County, Maryland",2.162162162,0.021621622,,,,,
2019Q4,Percent of Workforce Service participants in TANF (%),,,"Charles County, Maryland",0.810810811,0.008108108,,,,,
2020Q1,Percent of Workforce Service participants in TANF (%),,,"Charles County, Maryland",0.678733032,0.00678733,,,,,
2020Q2,Percent of Workforce Service participants in TANF (%),,,"Charles County, Maryland",0.326441785,0.003264418,,,,,
2020Q3,Percent of Workforce Service participants in TANF (%),,,"Charles County, Maryland",0.540540541,0.005405405,,,,,
2020Q4,Percent of Workforce Service participants in TANF (%),,,"Charles County, Maryland",0.819672131,0.008196721,,,,,
2021Q1,Percent of Workforce Service participants in TANF (%),,,"Charles County, Maryland",0.877192982,0.00877193,,,,,
2021Q2,Percent of Workforce Service participants in TANF (%),,,"Charles County, Maryland",0.890207715,0.008902077,,,,,
2021Q3,Percent of Workforce Service participants in TANF (%),,,"Charles County, Maryland",0.662251656,0.006622517,,,,,
2021Q4,Percent of Workforce Service participants in TANF (%),,,"Charles County, Maryland",0.432900433,0.004329004,,,,,
2022Q1,Percent of Workforce Service participants in TANF (%),,,"Charles County, Maryland",0.913242009,0.00913242,,,,,
2022Q2,Percent of Workforce Service participants in TANF (%),,,"Charles County, Maryland",4.545454545,0.045454545,,,,,
2016Q3,Percent of Workforce Service participants in TANF (%),,,"Dorchester County, Maryland",5.676855895,0.056768559,,,,,
2016Q4,Percent of Workforce Service participants in TANF (%),,,"Dorchester County, Maryland",3.056768559,0.030567686,,,,,
2017Q1,Percent of Workforce Service participants in TANF (%),,,"Dorchester County, Maryland",2.236421725,0.022364217,,,,,
2017Q2,Percent of Workforce Service participants in TANF (%),,,"Dorchester County, Maryland",0.673400673,0.006734007,,,,,
2017Q3,Percent of Workforce Service participants in TANF (%),,,"Dorchester County, Maryland",2.586206897,0.025862069,,,,,
2017Q4,Percent of Workforce Service participants in TANF (%),,,"Dorchester County, Maryland",1.075268817,0.010752688,,,,,
2018Q1,Percent of Workforce Service participants in TANF (%),,,"Dorchester County, Maryland",0.947867299,0.009478673,,,,,
2018Q2,Percent of Workforce Service participants in TANF (%),,,"Dorchester County, Maryland",3.184713376,0.031847134,,,,,
2018Q3,Percent of Workforce Service participants in TANF (%),,,"Dorchester County, Maryland",1.086956522,0.010869565,,,,,
2018Q4,Percent of Workforce Service participants in TANF (%),,,"Dorchester County, Maryland",2.702702703,0.027027027,,,,,
2019Q1,Percent of Workforce Service participants in TANF (%),,,"Dorchester County, Maryland",1.5,0.015,,,,,
2019Q3,Percent of Workforce Service participants in TANF (%),,,"Dorchester County, Maryland",0.684931507,0.006849315,,,,,
2019Q4,Percent of Workforce Service participants in TANF (%),,,"Dorchester County, Maryland",1.086956522,0.010869565,,,,,
2020Q1,Percent of Workforce Service participants in TANF (%),,,"Dorchester County, Maryland",0.423728814,0.004237288,,,,,
2020Q2,Percent of Workforce Service participants in TANF (%),,,"Dorchester County, Maryland",0.502512563,0.005025126,,,,,
2020Q4,Percent of Workforce Service participants in TANF (%),,,"Dorchester County, Maryland",2.127659574,0.021276596,,,,,
2021Q2,Percent of Workforce Service participants in TANF (%),,,"Dorchester County, Maryland",2.857142857,0.028571429,,,,,
2021Q3,Percent of Workforce Service participants in TANF (%),,,"Dorchester County, Maryland",0.877192982,0.00877193,,,,,
2021Q4,Percent of Workforce Service participants in TANF (%),,,"Dorchester County, Maryland",2.803738318,0.028037383,,,,,
2022Q1,Percent of Workforce Service participants in TANF (%),,,"Dorchester County, Maryland",0.746268657,0.007462687,,,,,
2016Q3,Percent of Workforce Service participants in TANF (%),,,"Frederick County, Maryland",1.51187905,0.01511879,,,,,
2016Q4,Percent of Workforce Service participants in TANF (%),,,"Frederick County, Maryland",0.950118765,0.009501188,,,,,
2017Q1,Percent of Workforce Service participants in TANF (%),,,"Frederick County, Maryland",1.016949153,0.010169492,,,,,
2017Q2,Percent of Workforce Service participants in TANF (%),,,"Frederick County, Maryland",0.952380952,0.00952381,,,,,
2017Q3,Percent of Workforce Service participants in TANF (%),,,"Frederick County, Maryland",0.355871886,0.003558719,,,,,
2017Q4,Percent of Workforce Service participants in TANF (%),,,"Frederick County, Maryland",0.23364486,0.002336449,,,,,
2018Q3,Percent of Workforce Service participants in TANF (%),,,"Frederick County, Maryland",0.512820513,0.005128205,,,,,
2018Q4,Percent of Workforce Service participants in TANF (%),,,"Frederick County, Maryland",0.982800983,0.00982801,,,,,
2019Q1,Percent of Workforce Service participants in TANF (%),,,"Frederick County, Maryland",0.472813239,0.004728132,,,,,
2019Q2,Percent of Workforce Service participants in TANF (%),,,"Frederick County, Maryland",1.023017903,0.010230179,,,,,
2019Q3,Percent of Workforce Service participants in TANF (%),,,"Frederick County, Maryland",0.282485876,0.002824859,,,,,
2019Q4,Percent of Workforce Service participants in TANF (%),,,"Frederick County, Maryland",0.898203593,0.008982036,,,,,
2020Q1,Percent of Workforce Service participants in TANF (%),,,"Frederick County, Maryland",0.452488688,0.004524887,,,,,
2020Q2,Percent of Workforce Service participants in TANF (%),,,"Frederick County, Maryland",0.127064803,0.001270648,,,,,
2020Q3,Percent of Workforce Service participants in TANF (%),,,"Frederick County, Maryland",0.15600624,0.001560062,,,,,
2020Q4,Percent of Workforce Service participants in TANF (%),,,"Frederick County, Maryland",1.379310345,0.013793103,,,,,
2021Q1,Percent of Workforce Service participants in TANF (%),,,"Frederick County, Maryland",0.520833333,0.005208333,,,,,
2021Q2,Percent of Workforce Service participants in TANF (%),,,"Frederick County, Maryland",1.408450704,0.014084507,,,,,
2021Q3,Percent of Workforce Service participants in TANF (%),,,"Frederick County, Maryland",1.145038168,0.011450382,,,,,
2021Q4,Percent of Workforce Service participants in TANF (%),,,"Frederick County, Maryland",1.6,0.016,,,,,
2022Q1,Percent of Workforce Service participants in TANF (%),,,"Frederick County, Maryland",0.387596899,0.003875969,,,,,
2016Q3,Percent of Workforce Service participants in TANF (%),,,"Garrett County, Maryland",1.960784314,0.019607843,,,,,
2018Q3,Percent of Workforce Service participants in TANF (%),,,"Garrett County, Maryland",3.703703704,0.037037037,,,,,
2019Q2,Percent of Workforce Service participants in TANF (%),,,"Garrett County, Maryland",1.754385965,0.01754386,,,,,
2019Q3,Percent of Workforce Service participants in TANF (%),,,"Garrett County, Maryland",1.666666667,0.016666667,,,,,
2019Q4,Percent of Workforce Service participants in TANF (%),,,"Garrett County, Maryland",3.571428571,0.035714286,,,,,
2021Q3,Percent of Workforce Service participants in TANF (%),,,"Garrett County, Maryland",2.857142857,0.028571429,,,,,
2016Q3,Percent of Workforce Service participants in TANF (%),,,"Harford County, Maryland",3.582089552,0.035820896,,,,,
2016Q4,Percent of Workforce Service participants in TANF (%),,,"Harford County, Maryland",1.290322581,0.012903226,,,,,
2017Q1,Percent of Workforce Service participants in TANF (%),,,"Harford County, Maryland",0.479233227,0.004792332,,,,,
2017Q2,Percent of Workforce Service participants in TANF (%),,,"Harford County, Maryland",0.732600733,0.007326007,,,,,
2017Q3,Percent of Workforce Service participants in TANF (%),,,"Harford County, Maryland",2.190923318,0.021909233,,,,,
2017Q4,Percent of Workforce Service participants in TANF (%),,,"Harford County, Maryland",0.928074246,0.009280742,,,,,
2018Q1,Percent of Workforce Service participants in TANF (%),,,"Harford County, Maryland",0.4784689,0.004784689,,,,,
2018Q2,Percent of Workforce Service participants in TANF (%),,,"Harford County, Maryland",1.395348837,0.013953488,,,,,
2018Q3,Percent of Workforce Service participants in TANF (%),,,"Harford County, Maryland",1.052631579,0.010526316,,,,,
2018Q4,Percent of Workforce Service participants in TANF (%),,,"Harford County, Maryland",1.265822785,0.012658228,,,,,
2019Q1,Percent of Workforce Service participants in TANF (%),,,"Harford County, Maryland",1.6563147,0.016563147,,,,,
2019Q2,Percent of Workforce Service participants in TANF (%),,,"Harford County, Maryland",1.160862355,0.011608624,,,,,
2019Q3,Percent of Workforce Service participants in TANF (%),,,"Harford County, Maryland",2.33463035,0.023346304,,,,,
2019Q4,Percent of Workforce Service participants in TANF (%),,,"Harford County, Maryland",0.452488688,0.004524887,,,,,
2020Q1,Percent of Workforce Service participants in TANF (%),,,"Harford County, Maryland",2.06185567,0.020618557,,,,,
2020Q2,Percent of Workforce Service participants in TANF (%),,,"Harford County, Maryland",0.274977085,0.002749771,,,,,
2020Q3,Percent of Workforce Service participants in TANF (%),,,"Harford County, Maryland",0.137931034,0.00137931,,,,,
2021Q1,Percent of Workforce Service participants in TANF (%),,,"Harford County, Maryland",2.816901408,0.028169014,,,,,
2021Q2,Percent of Workforce Service participants in TANF (%),,,"Harford County, Maryland",1.533742331,0.015337423,,,,,
2021Q3,Percent of Workforce Service participants in TANF (%),,,"Harford County, Maryland",2.739726027,0.02739726,,,,,
2021Q4,Percent of Workforce Service participants in TANF (%),,,"Harford County, Maryland",3.125,0.03125,,,,,
2022Q1,Percent of Workforce Service participants in TANF (%),,,"Harford County, Maryland",1.568627451,0.015686275,,,,,
2016Q3,Percent of Workforce Service participants in TANF (%),,,"Howard County, Maryland",2.088167053,0.020881671,,,,,
2016Q4,Percent of Workforce Service participants in TANF (%),,,"Howard County, Maryland",1.160092807,0.011600928,,,,,
2017Q1,Percent of Workforce Service participants in TANF (%),,,"Howard County, Maryland",1.136363636,0.011363636,,,,,
2017Q2,Percent of Workforce Service participants in TANF (%),,,"Howard County, Maryland",0.859106529,0.008591065,,,,,
2017Q3,Percent of Workforce Service participants in TANF (%),,,"Howard County, Maryland",0.81799591,0.008179959,,,,,
2017Q4,Percent of Workforce Service participants in TANF (%),,,"Howard County, Maryland",0.461893764,0.004618938,,,,,
2018Q1,Percent of Workforce Service participants in TANF (%),,,"Howard County, Maryland",0.251889169,0.002518892,,,,,
2018Q2,Percent of Workforce Service participants in TANF (%),,,"Howard County, Maryland",0.740740741,0.007407407,,,,,
2018Q3,Percent of Workforce Service participants in TANF (%),,,"Howard County, Maryland",1.169590643,0.011695906,,,,,
2018Q4,Percent of Workforce Service participants in TANF (%),,,"Howard County, Maryland",1.187648456,0.011876485,,,,,
2019Q1,Percent of Workforce Service participants in TANF (%),,,"Howard County, Maryland",0.21691974,0.002169197,,,,,
2019Q2,Percent of Workforce Service participants in TANF (%),,,"Howard County, Maryland",0.921658986,0.00921659,,,,,
2019Q3,Percent of Workforce Service participants in TANF (%),,,"Howard County, Maryland",0.802139037,0.00802139,,,,,
2019Q4,Percent of Workforce Service participants in TANF (%),,,"Howard County, Maryland",1.79028133,0.017902813,,,,,
2020Q1,Percent of Workforce Service participants in TANF (%),,,"Howard County, Maryland",1.262626263,0.012626263,,,,,
2020Q2,Percent of Workforce Service participants in TANF (%),,,"Howard County, Maryland",0.692041522,0.006920415,,,,,
2020Q3,Percent of Workforce Service participants in TANF (%),,,"Howard County, Maryland",0.494233937,0.004942339,,,,,
2020Q4,Percent of Workforce Service participants in TANF (%),,,"Howard County, Maryland",1.098901099,0.010989011,,,,,
2021Q2,Percent of Workforce Service participants in TANF (%),,,"Howard County, Maryland",1.923076923,0.019230769,,,,,
2021Q3,Percent of Workforce Service participants in TANF (%),,,"Howard County, Maryland",1.93236715,0.019323671,,,,,
2021Q4,Percent of Workforce Service participants in TANF (%),,,"Howard County, Maryland",1.246105919,0.012461059,,,,,
2022Q1,Percent of Workforce Service participants in TANF (%),,,"Howard County, Maryland",2.469135802,0.024691358,,,,,
2022Q2,Percent of Workforce Service participants in TANF (%),,,"Howard County, Maryland",1.754385965,0.01754386,,,,,
2016Q3,Percent of Workforce Service participants in TANF (%),,,"Kent County, Maryland",2.040816327,0.020408163,,,,,
2017Q1,Percent of Workforce Service participants in TANF (%),,,"Kent County, Maryland",3.636363636,0.036363636,,,,,
2017Q2,Percent of Workforce Service participants in TANF (%),,,"Kent County, Maryland",5.555555556,0.055555556,,,,,
2017Q4,Percent of Workforce Service participants in TANF (%),,,"Kent County, Maryland",0.595238095,0.005952381,,,,,
2018Q1,Percent of Workforce Service participants in TANF (%),,,"Kent County, Maryland",2.702702703,0.027027027,,,,,
2018Q2,Percent of Workforce Service participants in TANF (%),,,"Kent County, Maryland",5,0.05,,,,,
2018Q4,Percent of Workforce Service participants in TANF (%),,,"Kent County, Maryland",4.255319149,0.042553191,,,,,
2019Q2,Percent of Workforce Service participants in TANF (%),,,"Kent County, Maryland",3.03030303,0.03030303,,,,,
2019Q4,Percent of Workforce Service participants in TANF (%),,,"Kent County, Maryland",3.225806452,0.032258065,,,,,
2020Q1,Percent of Workforce Service participants in TANF (%),,,"Kent County, Maryland",3.225806452,0.032258065,,,,,
2021Q4,Percent of Workforce Service participants in TANF (%),,,"Kent County, Maryland",2.5,0.025,,,,,
2022Q2,Percent of Workforce Service participants in TANF (%),,,"Kent County, Maryland",10,0.1,,,,,
2016Q3,Percent of Workforce Service participants in TANF (%),,,"Montgomery County, Maryland",1.013513514,0.010135135,,,,,
2016Q4,Percent of Workforce Service participants in TANF (%),,,"Montgomery County, Maryland",0.888888889,0.008888889,,,,,
2017Q1,Percent of Workforce Service participants in TANF (%),,,"Montgomery County, Maryland",0.25466893,0.002546689,,,,,
2017Q2,Percent of Workforce Service participants in TANF (%),,,"Montgomery County, Maryland",0.229709035,0.00229709,,,,,
2017Q3,Percent of Workforce Service participants in TANF (%),,,"Montgomery County, Maryland",0.657534247,0.006575342,,,,,
2017Q4,Percent of Workforce Service participants in TANF (%),,,"Montgomery County, Maryland",0.684931507,0.006849315,,,,,
2018Q1,Percent of Workforce Service participants in TANF (%),,,"Montgomery County, Maryland",0.547945205,0.005479452,,,,,
2018Q2,Percent of Workforce Service participants in TANF (%),,,"Montgomery County, Maryland",0.93676815,0.009367681,,,,,
2018Q3,Percent of Workforce Service participants in TANF (%),,,"Montgomery County, Maryland",0.498504487,0.004985045,,,,,
2018Q4,Percent of Workforce Service participants in TANF (%),,,"Montgomery County, Maryland",0.704225352,0.007042254,,,,,
2019Q1,Percent of Workforce Service participants in TANF (%),,,"Montgomery County, Maryland",0.942655145,0.009426551,,,,,
2019Q2,Percent of Workforce Service participants in TANF (%),,,"Montgomery County, Maryland",1.040763226,0.010407632,,,,,
2019Q3,Percent of Workforce Service participants in TANF (%),,,"Montgomery County, Maryland",1.115618661,0.011156187,,,,,
2019Q4,Percent of Workforce Service participants in TANF (%),,,"Montgomery County, Maryland",0.657894737,0.006578947,,,,,
2020Q1,Percent of Workforce Service participants in TANF (%),,,"Montgomery County, Maryland",0.7023705,0.007023705,,,,,
2020Q2,Percent of Workforce Service participants in TANF (%),,,"Montgomery County, Maryland",0.673022995,0.00673023,,,,,
2020Q3,Percent of Workforce Service participants in TANF (%),,,"Montgomery County, Maryland",0.690607735,0.006906077,,,,,
2020Q4,Percent of Workforce Service participants in TANF (%),,,"Montgomery County, Maryland",0.486223663,0.004862237,,,,,
2021Q1,Percent of Workforce Service participants in TANF (%),,,"Montgomery County, Maryland",1.792573624,0.017925736,,,,,
2021Q2,Percent of Workforce Service participants in TANF (%),,,"Montgomery County, Maryland",1.694915254,0.016949153,,,,,
2021Q3,Percent of Workforce Service participants in TANF (%),,,"Montgomery County, Maryland",1.314217443,0.013142174,,,,,
2021Q4,Percent of Workforce Service participants in TANF (%),,,"Montgomery County, Maryland",0.99626401,0.00996264,,,,,
2022Q1,Percent of Workforce Service participants in TANF (%),,,"Montgomery County, Maryland",0.715307582,0.007153076,,,,,
2022Q2,Percent of Workforce Service participants in TANF (%),,,"Montgomery County, Maryland",3.921568627,0.039215686,,,,,
2016Q3,Percent of Workforce Service participants in TANF (%),,,"Prince Georges County, Maryland",0.877706261,0.008777063,,,,,
2016Q4,Percent of Workforce Service participants in TANF (%),,,"Prince Georges County, Maryland",0.490797546,0.004907975,,,,,
2017Q1,Percent of Workforce Service participants in TANF (%),,,"Prince Georges County, Maryland",0.840807175,0.008408072,,,,,
2017Q2,Percent of Workforce Service participants in TANF (%),,,"Prince Georges County, Maryland",0.872865275,0.008728653,,,,,
2017Q3,Percent of Workforce Service participants in TANF (%),,,"Prince Georges County, Maryland",0.745526839,0.007455268,,,,,
2017Q4,Percent of Workforce Service participants in TANF (%),,,"Prince Georges County, Maryland",2.13371266,0.021337127,,,,,
2018Q1,Percent of Workforce Service participants in TANF (%),,,"Prince Georges County, Maryland",1.393728223,0.013937282,,,,,
2018Q2,Percent of Workforce Service participants in TANF (%),,,"Prince Georges County, Maryland",0.715214564,0.007152146,,,,,
2018Q3,Percent of Workforce Service participants in TANF (%),,,"Prince Georges County, Maryland",0.821225521,0.008212255,,,,,
2018Q4,Percent of Workforce Service participants in TANF (%),,,"Prince Georges County, Maryland",1.619433198,0.016194332,,,,,
2019Q1,Percent of Workforce Service participants in TANF (%),,,"Prince Georges County, Maryland",1.28597673,0.012859767,,,,,
2019Q2,Percent of Workforce Service participants in TANF (%),,,"Prince Georges County, Maryland",1.328502415,0.013285024,,,,,
2019Q3,Percent of Workforce Service participants in TANF (%),,,"Prince Georges County, Maryland",1.255492781,0.012554928,,,,,
2019Q4,Percent of Workforce Service participants in TANF (%),,,"Prince Georges County, Maryland",1.977587343,0.019775873,,,,,
2020Q1,Percent of Workforce Service participants in TANF (%),,,"Prince Georges County, Maryland",2.091152815,0.020911528,,,,,
2020Q2,Percent of Workforce Service participants in TANF (%),,,"Prince Georges County, Maryland",0.884061632,0.008840616,,,,,
2020Q3,Percent of Workforce Service participants in TANF (%),,,"Prince Georges County, Maryland",0.66716086,0.006671609,,,,,
2020Q4,Percent of Workforce Service participants in TANF (%),,,"Prince Georges County, Maryland",0.958188153,0.009581882,,,,,
2021Q1,Percent of Workforce Service participants in TANF (%),,,"Prince Georges County, Maryland",1.062091503,0.010620915,,,,,
2021Q2,Percent of Workforce Service participants in TANF (%),,,"Prince Georges County, Maryland",2.589489718,0.025894897,,,,,
2021Q3,Percent of Workforce Service participants in TANF (%),,,"Prince Georges County, Maryland",1.787592008,0.01787592,,,,,
2021Q4,Percent of Workforce Service participants in TANF (%),,,"Prince Georges County, Maryland",2.090209021,0.02090209,,,,,
2022Q1,Percent of Workforce Service participants in TANF (%),,,"Prince Georges County, Maryland",2.313354364,0.023133544,,,,,
2022Q2,Percent of Workforce Service participants in TANF (%),,,"Prince Georges County, Maryland",3.100775194,0.031007752,,,,,
2016Q3,Percent of Workforce Service participants in TANF (%),,,"Queen Annes County, Maryland",1.886792453,0.018867925,,,,,
2017Q2,Percent of Workforce Service participants in TANF (%),,,"Queen Annes County, Maryland",1.315789474,0.013157895,,,,,
2017Q4,Percent of Workforce Service participants in TANF (%),,,"Queen Annes County, Maryland",0.579710145,0.005797101,,,,,
2018Q1,Percent of Workforce Service participants in TANF (%),,,"Queen Annes County, Maryland",3.278688525,0.032786885,,,,,
2020Q2,Percent of Workforce Service participants in TANF (%),,,"Queen Annes County, Maryland",1.158301158,0.011583012,,,,,
2021Q2,Percent of Workforce Service participants in TANF (%),,,"Queen Annes County, Maryland",6,0.06,,,,,
2021Q3,Percent of Workforce Service participants in TANF (%),,,"Queen Annes County, Maryland",1.785714286,0.017857143,,,,,
2022Q1,Percent of Workforce Service participants in TANF (%),,,"Queen Annes County, Maryland",2.816901408,0.028169014,,,,,
2022Q2,Percent of Workforce Service participants in TANF (%),,,"Queen Annes County, Maryland",5.882352941,0.058823529,,,,,
2016Q3,Percent of Workforce Service participants in TANF (%),,,"St Marys County, Maryland",3.891050584,0.038910506,,,,,
2016Q4,Percent of Workforce Service participants in TANF (%),,,"St Marys County, Maryland",2.790697674,0.027906977,,,,,
2017Q1,Percent of Workforce Service participants in TANF (%),,,"St Marys County, Maryland",3.525641026,0.03525641,,,,,
2017Q2,Percent of Workforce Service participants in TANF (%),,,"St Marys County, Maryland",4.713804714,0.047138047,,,,,
2017Q3,Percent of Workforce Service participants in TANF (%),,,"St Marys County, Maryland",1.098901099,0.010989011,,,,,
2017Q4,Percent of Workforce Service participants in TANF (%),,,"St Marys County, Maryland",2.962962963,0.02962963,,,,,
2018Q1,Percent of Workforce Service participants in TANF (%),,,"St Marys County, Maryland",2.659574468,0.026595745,,,,,
2018Q2,Percent of Workforce Service participants in TANF (%),,,"St Marys County, Maryland",3.846153846,0.038461538,,,,,
2018Q3,Percent of Workforce Service participants in TANF (%),,,"St Marys County, Maryland",6.382978723,0.063829787,,,,,
2018Q4,Percent of Workforce Service participants in TANF (%),,,"St Marys County, Maryland",4.784688995,0.04784689,,,,,
2019Q1,Percent of Workforce Service participants in TANF (%),,,"St Marys County, Maryland",4.484304933,0.044843049,,,,,
2019Q2,Percent of Workforce Service participants in TANF (%),,,"St Marys County, Maryland",2.564102564,0.025641026,,,,,
2019Q3,Percent of Workforce Service participants in TANF (%),,,"St Marys County, Maryland",4.128440367,0.041284404,,,,,
2019Q4,Percent of Workforce Service participants in TANF (%),,,"St Marys County, Maryland",4.347826087,0.043478261,,,,,
2020Q1,Percent of Workforce Service participants in TANF (%),,,"St Marys County, Maryland",2.366863905,0.023668639,,,,,
2020Q2,Percent of Workforce Service participants in TANF (%),,,"St Marys County, Maryland",1.548672566,0.015486726,,,,,
2020Q3,Percent of Workforce Service participants in TANF (%),,,"St Marys County, Maryland",1.242236025,0.01242236,,,,,
2020Q4,Percent of Workforce Service participants in TANF (%),,,"St Marys County, Maryland",1.724137931,0.017241379,,,,,
2021Q1,Percent of Workforce Service participants in TANF (%),,,"St Marys County, Maryland",3.004291845,0.030042918,,,,,
2021Q2,Percent of Workforce Service participants in TANF (%),,,"St Marys County, Maryland",3.636363636,0.036363636,,,,,
2021Q3,Percent of Workforce Service participants in TANF (%),,,"St Marys County, Maryland",3.398058252,0.033980583,,,,,
2021Q4,Percent of Workforce Service participants in TANF (%),,,"St Marys County, Maryland",2.962962963,0.02962963,,,,,
2022Q1,Percent of Workforce Service participants in TANF (%),,,"St Marys County, Maryland",3.378378378,0.033783784,,,,,
2022Q2,Percent of Workforce Service participants in TANF (%),,,"St Marys County, Maryland",5,0.05,,,,,
2016Q3,Percent of Workforce Service participants in TANF (%),,,"Somerset County, Maryland",8.571428571,0.085714286,,,,,
2016Q4,Percent of Workforce Service participants in TANF (%),,,"Somerset County, Maryland",2.469135802,0.024691358,,,,,
2017Q1,Percent of Workforce Service participants in TANF (%),,,"Somerset County, Maryland",5.755395683,0.057553957,,,,,
2017Q2,Percent of Workforce Service participants in TANF (%),,,"Somerset County, Maryland",6.944444444,0.069444444,,,,,
2017Q3,Percent of Workforce Service participants in TANF (%),,,"Somerset County, Maryland",3.260869565,0.032608696,,,,,
2017Q4,Percent of Workforce Service participants in TANF (%),,,"Somerset County, Maryland",2.469135802,0.024691358,,,,,
2018Q1,Percent of Workforce Service participants in TANF (%),,,"Somerset County, Maryland",1.754385965,0.01754386,,,,,
2018Q2,Percent of Workforce Service participants in TANF (%),,,"Somerset County, Maryland",2.564102564,0.025641026,,,,,
2018Q3,Percent of Workforce Service participants in TANF (%),,,"Somerset County, Maryland",2.985074627,0.029850746,,,,,
2018Q4,Percent of Workforce Service participants in TANF (%),,,"Somerset County, Maryland",1.612903226,0.016129032,,,,,
2019Q1,Percent of Workforce Service participants in TANF (%),,,"Somerset County, Maryland",4.347826087,0.043478261,,,,,
2019Q2,Percent of Workforce Service participants in TANF (%),,,"Somerset County, Maryland",10.90909091,0.109090909,,,,,
2019Q3,Percent of Workforce Service participants in TANF (%),,,"Somerset County, Maryland",1.612903226,0.016129032,,,,,
2020Q2,Percent of Workforce Service participants in TANF (%),,,"Somerset County, Maryland",1.57480315,0.015748031,,,,,
2021Q1,Percent of Workforce Service participants in TANF (%),,,"Somerset County, Maryland",5.263157895,0.052631579,,,,,
2021Q2,Percent of Workforce Service participants in TANF (%),,,"Somerset County, Maryland",3.03030303,0.03030303,,,,,
2021Q3,Percent of Workforce Service participants in TANF (%),,,"Somerset County, Maryland",1.886792453,0.018867925,,,,,
2021Q4,Percent of Workforce Service participants in TANF (%),,,"Somerset County, Maryland",5.357142857,0.053571429,,,,,
2017Q1,Percent of Workforce Service participants in TANF (%),,,"Talbot County, Maryland",0.904977376,0.009049774,,,,,
2017Q2,Percent of Workforce Service participants in TANF (%),,,"Talbot County, Maryland",1.212121212,0.012121212,,,,,
2017Q3,Percent of Workforce Service participants in TANF (%),,,"Talbot County, Maryland",0.735294118,0.007352941,,,,,
2017Q4,Percent of Workforce Service participants in TANF (%),,,"Talbot County, Maryland",0.73800738,0.007380074,,,,,
2018Q2,Percent of Workforce Service participants in TANF (%),,,"Talbot County, Maryland",2.083333333,0.020833333,,,,,
2018Q4,Percent of Workforce Service participants in TANF (%),,,"Talbot County, Maryland",2.06185567,0.020618557,,,,,
2019Q1,Percent of Workforce Service participants in TANF (%),,,"Talbot County, Maryland",1.025641026,0.01025641,,,,,
2020Q1,Percent of Workforce Service participants in TANF (%),,,"Talbot County, Maryland",0.892857143,0.008928571,,,,,
2020Q4,Percent of Workforce Service participants in TANF (%),,,"Talbot County, Maryland",5.263157895,0.052631579,,,,,
2021Q1,Percent of Workforce Service participants in TANF (%),,,"Talbot County, Maryland",1.886792453,0.018867925,,,,,
2021Q3,Percent of Workforce Service participants in TANF (%),,,"Talbot County, Maryland",1.315789474,0.013157895,,,,,
2021Q4,Percent of Workforce Service participants in TANF (%),,,"Talbot County, Maryland",3.076923077,0.030769231,,,,,
2022Q1,Percent of Workforce Service participants in TANF (%),,,"Talbot County, Maryland",0.819672131,0.008196721,,,,,
2016Q3,Percent of Workforce Service participants in TANF (%),,,"Washington County, Maryland",1.129943503,0.011299435,,,,,
2017Q1,Percent of Workforce Service participants in TANF (%),,,"Washington County, Maryland",2.046783626,0.020467836,,,,,
2017Q2,Percent of Workforce Service participants in TANF (%),,,"Washington County, Maryland",2.094240838,0.020942408,,,,,
2017Q3,Percent of Workforce Service participants in TANF (%),,,"Washington County, Maryland",0.663716814,0.006637168,,,,,
2017Q4,Percent of Workforce Service participants in TANF (%),,,"Washington County, Maryland",1.108033241,0.011080332,,,,,
2018Q1,Percent of Workforce Service participants in TANF (%),,,"Washington County, Maryland",0.302114804,0.003021148,,,,,
2018Q2,Percent of Workforce Service participants in TANF (%),,,"Washington County, Maryland",0.925925926,0.009259259,,,,,
2018Q3,Percent of Workforce Service participants in TANF (%),,,"Washington County, Maryland",0.996677741,0.009966777,,,,,
2018Q4,Percent of Workforce Service participants in TANF (%),,,"Washington County, Maryland",0.694444444,0.006944444,,,,,
2019Q1,Percent of Workforce Service participants in TANF (%),,,"Washington County, Maryland",1.492537313,0.014925373,,,,,
2019Q2,Percent of Workforce Service participants in TANF (%),,,"Washington County, Maryland",1.826484018,0.01826484,,,,,
2019Q3,Percent of Workforce Service participants in TANF (%),,,"Washington County, Maryland",0.257731959,0.00257732,,,,,
2019Q4,Percent of Workforce Service participants in TANF (%),,,"Washington County, Maryland",1.869158879,0.018691589,,,,,
2020Q1,Percent of Workforce Service participants in TANF (%),,,"Washington County, Maryland",1.663893511,0.016638935,,,,,
2020Q2,Percent of Workforce Service participants in TANF (%),,,"Washington County, Maryland",0.897435897,0.008974359,,,,,
2020Q3,Percent of Workforce Service participants in TANF (%),,,"Washington County, Maryland",2.447552448,0.024475524,,,,,
2020Q4,Percent of Workforce Service participants in TANF (%),,,"Washington County, Maryland",1.807228916,0.018072289,,,,,
2021Q1,Percent of Workforce Service participants in TANF (%),,,"Washington County, Maryland",2.158273381,0.021582734,,,,,
2021Q2,Percent of Workforce Service participants in TANF (%),,,"Washington County, Maryland",2.739726027,0.02739726,,,,,
2021Q3,Percent of Workforce Service participants in TANF (%),,,"Washington County, Maryland",2.183406114,0.021834061,,,,,
2021Q4,Percent of Workforce Service participants in TANF (%),,,"Washington County, Maryland",3.076923077,0.030769231,,,,,
2022Q1,Percent of Workforce Service participants in TANF (%),,,"Washington County, Maryland",2.162162162,0.021621622,,,,,
2016Q3,Percent of Workforce Service participants in TANF (%),,,"Wicomico County, Maryland",7.177033493,0.071770335,,,,,
2016Q4,Percent of Workforce Service participants in TANF (%),,,"Wicomico County, Maryland",3.765690377,0.037656904,,,,,
2017Q1,Percent of Workforce Service participants in TANF (%),,,"Wicomico County, Maryland",4.982817869,0.049828179,,,,,
2017Q2,Percent of Workforce Service participants in TANF (%),,,"Wicomico County, Maryland",4.554865424,0.045548654,,,,,
2017Q3,Percent of Workforce Service participants in TANF (%),,,"Wicomico County, Maryland",3.703703704,0.037037037,,,,,
2017Q4,Percent of Workforce Service participants in TANF (%),,,"Wicomico County, Maryland",2.745098039,0.02745098,,,,,
2018Q1,Percent of Workforce Service participants in TANF (%),,,"Wicomico County, Maryland",3.64806867,0.036480687,,,,,
2018Q2,Percent of Workforce Service participants in TANF (%),,,"Wicomico County, Maryland",3.466666667,0.034666667,,,,,
2018Q3,Percent of Workforce Service participants in TANF (%),,,"Wicomico County, Maryland",3.640776699,0.036407767,,,,,
2018Q4,Percent of Workforce Service participants in TANF (%),,,"Wicomico County, Maryland",4.960835509,0.049608355,,,,,
2019Q1,Percent of Workforce Service participants in TANF (%),,,"Wicomico County, Maryland",3.551401869,0.035514019,,,,,
2019Q2,Percent of Workforce Service participants in TANF (%),,,"Wicomico County, Maryland",5.031446541,0.050314465,,,,,
2019Q3,Percent of Workforce Service participants in TANF (%),,,"Wicomico County, Maryland",3.83480826,0.038348083,,,,,
2019Q4,Percent of Workforce Service participants in TANF (%),,,"Wicomico County, Maryland",1.89701897,0.01897019,,,,,
2020Q1,Percent of Workforce Service participants in TANF (%),,,"Wicomico County, Maryland",1.944444444,0.019444444,,,,,
2020Q2,Percent of Workforce Service participants in TANF (%),,,"Wicomico County, Maryland",0.627802691,0.006278027,,,,,
2020Q3,Percent of Workforce Service participants in TANF (%),,,"Wicomico County, Maryland",1.133144476,0.011331445,,,,,
2021Q1,Percent of Workforce Service participants in TANF (%),,,"Wicomico County, Maryland",1.449275362,0.014492754,,,,,
2021Q2,Percent of Workforce Service participants in TANF (%),,,"Wicomico County, Maryland",4,0.04,,,,,
2021Q3,Percent of Workforce Service participants in TANF (%),,,"Wicomico County, Maryland",3.25203252,0.032520325,,,,,
2021Q4,Percent of Workforce Service participants in TANF (%),,,"Wicomico County, Maryland",1.526717557,0.015267176,,,,,
2022Q1,Percent of Workforce Service participants in TANF (%),,,"Wicomico County, Maryland",5.150214592,0.051502146,,,,,
2016Q3,Percent of Workforce Service participants in TANF (%),,,"Worcester County, Maryland",1.515151515,0.015151515,,,,,
2017Q1,Percent of Workforce Service participants in TANF (%),,,"Worcester County, Maryland",0.22675737,0.002267574,,,,,
2017Q4,Percent of Workforce Service participants in TANF (%),,,"Worcester County, Maryland",0.156494523,0.001564945,,,,,
2018Q2,Percent of Workforce Service participants in TANF (%),,,"Worcester County, Maryland",0.740740741,0.007407407,,,,,
2018Q3,Percent of Workforce Service participants in TANF (%),,,"Worcester County, Maryland",1.052631579,0.010526316,,,,,
2019Q2,Percent of Workforce Service participants in TANF (%),,,"Worcester County, Maryland",0.709219858,0.007092199,,,,,
2019Q3,Percent of Workforce Service participants in TANF (%),,,"Worcester County, Maryland",1.265822785,0.012658228,,,,,
2019Q4,Percent of Workforce Service participants in TANF (%),,,"Worcester County, Maryland",0.364963504,0.003649635,,,,,
2020Q1,Percent of Workforce Service participants in TANF (%),,,"Worcester County, Maryland",0.471698113,0.004716981,,,,,
2020Q2,Percent of Workforce Service participants in TANF (%),,,"Worcester County, Maryland",0.845070423,0.008450704,,,,,
2020Q4,Percent of Workforce Service participants in TANF (%),,,"Worcester County, Maryland",2.53164557,0.025316456,,,,,
2021Q1,Percent of Workforce Service participants in TANF (%),,,"Worcester County, Maryland",0.657894737,0.006578947,,,,,
2021Q2,Percent of Workforce Service participants in TANF (%),,,"Worcester County, Maryland",1.075268817,0.010752688,,,,,
2021Q3,Percent of Workforce Service participants in TANF (%),,,"Worcester County, Maryland",1.265822785,0.012658228,,,,,
2021Q4,Percent of Workforce Service participants in TANF (%),,,"Worcester County, Maryland",0.833333333,0.008333333,,,,,
2022Q1,Percent of Workforce Service participants in TANF (%),,,"Worcester County, Maryland",0.543478261,0.005434783,,,,,
